id,brand,car_model,type,desc,problem,datetime,status
513898,东风启辰,启辰T90,2018款 2.0L CVT 智联领尚版 国VI,启辰T90私自拆卸零件补贴未兑现不开发票,"E29,O353,",2020-08-25,信息审核
513897,北汽银翔,幻速S3L,2016款 1.5L 尊贵型,北汽幻速S3L天窗漏水 经销商无配件,"H90,N318,",2020-08-25,信息审核
513896,上汽大众,途岳,2019款 280TSI 两驱 风尚版 国V,上汽大众途岳发动机故障灯多次报警,"A34,J298,",2020-08-25,信息审核
513895,东风雪铁龙,C4世嘉,2016款 1.6L 手动 豪华型,东风雪铁龙C4世嘉方向盘松动异响 ABS报警,"D59,D80,E74,",2020-08-25,信息审核
513894,长城汽车,长城C50,2012款 1.5T 精英型,长城C50车身多处生锈发动机烧机油严重,"A63,G245,H79,H149,",2020-08-25,信息审核
513888,大众（进口）,途锐,2020款 3.0TSI 锐享版 国VI,进口大众途锐发动机气门室盖垫处漏油,"A12,",2020-08-25,信息审核
513885,东风标致,标致308,2014款 乐享版 经典 1.6L 自动 优尚型,东风标致308变速箱顿挫希望尽快处理,"B19,",2020-08-25,信息审核
513877,东风标致,标致2008,2020款 230THP 风尚天窗版,东风标致2008 4S店强制要求购买库存车,"K325,",2020-08-25,信息审核
513876,沃尔沃亚太,沃尔沃S90,2020款 T5 智逸豪华版,沃尔沃亚太S90车内共振异响希望处理,"H268,H164,",2020-08-25,信息审核
513874,沃尔沃亚太,沃尔沃S60新能源,2015款 2.0T 智驭版 E驱混动,沃尔沃S60新能源空调压缩机故障导致不制冷,"H101,",2020-08-25,信息审核
513872,广汽丰田,汉兰达,2018款 2.0T 四驱 尊贵版 7座 国VI,广汽丰田汉兰达低速行驶变速箱顿挫异响,"B33,B19,",2020-08-25,信息审核
513869,上汽大众,凌渡,2019款 230TSI DSG 视野版 国VI,上汽大众凌渡冷车行驶时刹车盘有异响,"E43,",2020-08-25,信息审核
513861,北京现代,索纳塔九,2015款 1.6T 双离合 GLS智能型,北京现代索纳塔九导航黑屏死机要求更换,"H134,",2020-08-25,信息审核
513855,上汽大众,桑塔纳,2019款 1.5L 手动 风尚版 国VI,上汽大众桑塔纳发动机运转时噪音大	,"A38,",2020-08-25,信息审核
513854,北京现代,领动,2019款 1.4T 双离合 炫动·活力型,北京现代领动变速箱异响失去动力要求处理,"B33,B334,I295,J298,",2020-08-25,信息审核
513850,广汽本田,飞度,2014款 1.5L CVT LX舒适型,广汽本田飞度起动机故障导致启动困难,"A44,",2020-08-25,信息审核
513849,广汽菲克菲亚特,致悦,2014款 1.4T 自动 舒适型,广汽菲亚特致悦行驶中变速箱失去动力,"B334,",2020-08-25,信息审核
513846,上汽大众,朗逸,2013款 1.6L 手动 风尚版,上汽大众朗逸车内顶棚塌陷严重,"H168,",2020-08-25,信息审核
513845,吉利汽车,帝豪GL,2017款 1.8L 手动 精英型,吉利帝豪GL下雨天前车门无法解锁 把手掉漆,"H81,H68,H103,H197,",2020-08-25,信息审核
513842,一汽大众,捷达VS5,2019款 280TSI 自动 进取型,捷达VS5玲珑轮胎开裂存在质量问题,"F100,",2020-08-25,厂家受理
513841,北京现代,悦动,2018款 1.6L 自动 悦目版 GL 国VI,北京现代悦动发动机出现启动困难,"A44,",2020-08-25,信息审核
513840,东风日产,逍客,2017款 2.0L CVT 精英版 国V,东风日产逍客行驶中变速箱顿挫4S店不予保修,"B19,I297,",2020-08-25,信息审核
513838,广汽讴歌,讴歌CDX,2018款 2.0L 两驱 创享版 Hybrid,广汽讴歌CDX加速时动力电池异味要求解决,"Q322,",2020-08-25,信息审核
513835,广汽丰田,汉兰达,2018款 2.0T 四驱 豪华版 7座 国V,广汽丰田汉兰达挡把掉皮 挂挡时挡杆处异响,"B184,H179,",2020-08-25,信息审核
513831,北京现代,领动,2016款 1.6L 自动 智炫·精英型,北京现代领动跑高速时岀现方向卡滞	,"D123,",2020-08-25,信息审核
513830,东风标致,标致4008,2019款 400THP 尝先版,东风标致4008续保押金到期不退还,"K309,",2020-08-25,用户评分
513824,东风日产,奇骏,2014款 2.0L XL CVT 两驱 舒适版,东风日产奇骏行驶中刹车过硬刹车失灵,"E29,E333,",2020-08-25,信息审核
513823,一汽-大众,高尔夫,2011款 1.6 自动 舒适型,一汽大众高尔夫变速箱故障 离合器飞轮损坏,"B96,C17,",2020-08-25,信息审核
513821,力帆汽车,轩朗,2017款 1.5T 自动 豪华型,力帆轩朗行驶中熄火全车断电 刹车方向失灵,"A14,B95,D59,G52,H67,",2020-08-25,信息审核
513818,东风汽车,御风,2020款 2.3T 经济型 标配版 物流车 短轴 中顶 5-9座 WP2.3,东风御风发动机气门折断4S店不予保修,"A251,I297,",2020-08-25,信息审核
513816,东风标致,标致408,2018款 350THP 自动 豪华版 改款,东风标致408固特异轮胎开裂要求厂家处理,"F100,",2020-08-25,处理反馈
513810,领克汽车,领克01,2017款 2.0T 自动 两驱 型,领克01倒车影像不显示 车机反馈不准确,"H134,H155,O348,",2020-08-25,信息审核
513809,吉利汽车,远景X3,2020款 1.5L CVT 尊贵型,吉利远景X3车漆脱落行驶中突然熄火,"A14,H81,",2020-08-25,处理反馈
513808,长安汽车,长安UNI-T,2020款 1.5T 旗舰型,长安UNI-T经销商出售展车不予解决,"I295,M284,",2020-08-25,信息审核
513806,东风日产,天籁,2019款 2.0L XL 舒适版,东风日产天籁减震器异响刹车异响变速箱顿挫,"B19,E43,G52,",2020-08-25,信息审核
513805,长城汽车,哈弗H2s,2017款 1.5T 手动 精英型 蓝标,哈弗H2s中控台副驾侧鼓包严重要求处理,"H176,",2020-08-25,信息审核
513804,一汽-大众奥迪,奥迪Q3,2019款 35 TFSI 进取动感型,一汽大众奥迪Q3安全带锁扣开裂要求解决,"H168,I297,",2020-08-25,信息审核
513802,上汽大众,途昂,2017款 380TSI 四驱 舒适版,上汽大众途昂后排座椅异响维修未解决,"H169,",2020-08-25,信息审核
513794,一汽-大众,宝来,2019款 改款 1.5L 自动 舒适型 国VI,一汽大众宝来EPC故障灯亮 抖动 加速无力,"A24,A34,A160,",2020-08-25,信息审核
513792,广汽丰田,汉兰达,2018款 2.0T 两驱 精英版 5座 国V,广汽丰田汉兰达4S店销售赠送贴膜不兑现,"K307,O353,",2020-08-25,信息审核
513790,长城汽车,炮,2019款 2.0T 商用版 手动 四驱 精英型 长箱 GW4D20M 柴油,长城炮变速箱低速四驱异响厂家不予解决,"B33,I295,",2020-08-25,信息审核
513788,东风本田,思铂睿,2017款 2.0L CVT 经典版,东风本田思铂睿4S店售后承诺保养不兑现,"H146,J298,L314,",2020-08-25,厂家受理
513786,东风雷诺,科雷傲,2017款 2.5L 四驱 尊贵版,东风雷诺科雷傲挡把按钮和空调调节按钮损坏,"H168,",2020-08-25,信息审核
513785,奇瑞汽车,艾瑞泽EX,2019款 1.5L CVT 乐活版 国V,奇瑞艾瑞泽EX车身异响严重变速箱无法加速,"B334,H15,",2020-08-25,用户评分
513784,东风小康,风光330,2018款 1.5L 330S 精典型 国V DK15,东风风光330行驶中右后车轮半轴损坏,"G204,",2020-08-25,处理反馈
513782,一汽-大众奥迪,奥迪A4L,2016款 2.0T CVT 自标准型 典藏版,一汽大众奥迪A4L发动机节温器漏防冻液,"A37,",2020-08-25,信息审核
513779,东风标致,标致408,2014款 1.6T 自动 尊贵版,东风标致408电瓶亏电 4S店不解决问题,"H146,I295,",2020-08-25,处理反馈
513775,广汽本田,冠道,2019款 240TURBO 两驱 舒享版,广汽本田冠道后车窗密封条出现断裂,"H48,",2020-08-25,信息审核
513772,上汽通用五菱,宝骏630,2011款 1.5L 手动 标准型,宝骏630漆面鼓包希望厂家处理,"H81,",2020-08-25,处理反馈
513755,东风悦达起亚,起亚K3,2016款 1.6L 自动 GLS,东风悦达起亚K3打方向时存在严重异响,"D59,",2020-08-25,信息审核
513749,一汽-大众奥迪,奥迪A4L,2020款 40 TFSI 时尚动感型,一汽大众奥迪A4L车窗升降异响 热车怠速抖动,"A9,E42,H72,",2020-08-25,信息审核
513748,一汽-大众,速腾,2019款 280TSI DSG 舒适型 国VI,一汽大众速腾新车行驶中变速箱异响,"B33,",2020-08-25,信息审核
513746,吉利汽车,帝豪GL,2017款 1.3T 手动 精英型,吉利帝豪GL正常行驶中离合器失效影响使用,"C267,J298,J301,",2020-08-25,处理反馈
513745,江淮汽车,瑞风S3,2016款 1.5L 手动 豪华智能型,江淮瑞风S3前胎吃胎严重存在质量问题,"G245,",2020-08-25,处理反馈
513744,福特（进口）,探险者（进口）,2018款 2.3T 精英版,进口福特探险者变速箱外壳漏油希望处理,"B22,",2020-08-25,信息审核
513742,比亚迪,比亚迪e6,2014款 精英型(北京版) 5座,比亚迪e6电池衰减严重厂家不予更换,"H343,I297,",2020-08-25,厂家受理
513738,一汽-大众奥迪,奥迪Q2L,2018款 35TFSI 上市专享版 国Ⅵ,一汽大众奥迪Q2L电瓶故障希望厂家处理,"H146,",2020-08-25,信息审核
513734,奇瑞新能源,艾瑞泽5e,2018款 450 智享版,奇瑞艾瑞泽5e空调不制冷希望处理,"H101,",2020-08-25,信息审核
513732,吉利汽车,远景S1,2018款 1.4T CVT 锋驰型,吉利远景S1发动机抖动共振希望厂家处理,"A24,H268,",2020-08-25,信息审核
513730,北京现代,索纳塔九,2016款 2.0L 自动 hybrid HE  智能型,北京现代索纳塔九配件不按时到货价格谎报,"K307,N320,",2020-08-25,信息审核
513726,东风日产,奇骏,2014款 2.5L XV CVT 四驱 至尊版,东风日产奇骏变速箱顿挫无法加速,"B19,B334,",2020-08-25,信息审核
513725,一汽-大众,探岳,2019款 330TSI 两驱 豪华型 国Ⅵ,一汽大众探岳大灯透镜发白影响夜间照明,"H82,",2020-08-25,信息审核
513716,东风本田,艾力绅,2016款 2.4L 经典版,东风本田艾力绅召回换燃油泵导致泄露汽油,"J300,",2020-08-25,厂家受理
513715,一汽-大众,探岳,2019款 380TSI 四驱 R-Line 国V,一汽大众探岳大灯有阴影影响夜间行车安全,"H82,",2020-08-25,信息审核
513711,一汽-大众,探岳,2020款 330TSI 两驱 豪华智联版Pro,一汽大众探岳车机网络连接异常希望厂家处理,"H155,",2020-08-25,信息审核
513707,长安马自达,马自达3 昂克赛拉,2017款 1.5L 自动 舒适型 三厢 国V,长安马自达昂克赛拉定损后4S店未喷漆,"N321,",2020-08-25,处理反馈
513701,东风日产,奇骏,2014款 2.0L XL CVT 两驱 舒适版,东风日产奇骏变速器顿挫脱挡 无法加速,"B19,B96,B246,",2020-08-25,信息审核
513696,BEIJING汽车,BEIJING-X3,2019款 1.5T 手动 荣耀版,北京汽车BEIJING-X3经销商不退订金,"K309,",2020-08-25,厂家受理
513690,上汽大众,朗逸,2017款 1.6L 自动 舒适版,上汽大众朗逸韩泰轮胎龟裂存在质量问题,"F100,",2020-08-25,信息审核
513688,长城汽车,哈弗M6,2019款 1.5T DCT 两驱 超值版 国VI,哈弗M6新车漆面存在瑕疵希望处理,"H81,",2020-08-25,信息审核
513685,东风日产,阳光,2016款 1.5XE CVT 领先版,东风日产阳光变速箱拖挡4S店拒绝保修,"B69,",2020-08-25,信息审核
513683,广汽丰田,凯美瑞,2007款 240G 豪华版,广汽丰田凯美瑞中控仪表台软化异味,"H176,",2020-08-25,信息审核
513682,上汽大众,途安,2011款 1.4TSI DSG 智雅版 5座,上汽大众途安变速箱顿挫希望厂家处理,"B19,",2020-08-25,信息审核
513680,一汽-大众,迈腾,2015款 1.8TSI 豪华型 改款,一汽大众迈腾轮速传感器故障要求解决,"E74,E62,",2020-08-25,处理反馈
513678,一汽-大众,探岳,2019款 330TSI 两驱 豪华型 国Ⅵ,一汽大众探岳大灯透镜变白通透性差车灯不亮,"H82,",2020-08-25,处理反馈
513677,上汽大通,上汽大通MAXUS T60,2019款 2.8T 柴油 手动 四驱 高底盘 先锋版 长厢 国V,上汽MAXUS T60分动器损坏4S店不保修,"H86,I297,",2020-08-25,厂家受理
513673,广汽讴歌,讴歌CDX,2016款 1.5T 两驱尊享版,广汽讴歌CDX升降挡时变速箱顿挫严重,"B19,",2020-08-25,处理反馈
513672,广汽乘用车,传祺GM6,2019款 270T 自动 尊贵版（六座）国VI,广汽传祺GM6方向机和车身抖动要求解决,"D80,H268,H67,",2020-08-25,处理反馈
513671,长城汽车,哈弗H8,2015款 2.0T 四驱 豪华型 5座,哈弗H8保险盒总成故障电瓶故障灯亮,"A9,H146,H110,",2020-08-25,信息审核
513666,一汽-大众,高尔夫,2010款 1.4TSI 自动 舒适型,一汽大众高尔夫变速箱故障灯亮 挂挡不走,"B334,B77,B115,",2020-08-25,处理反馈
513664,上汽通用五菱,五菱宏光,2015款 1.5L 基本型 S 国V,上汽通用五菱宏光随车工具千斤顶无法使用,"N317,",2020-08-25,处理反馈
513663,北京现代,领动,2016款 1.6L 自动 智炫·精英型,北京现代领动ABS和牵引力控制灯报警,"E74,",2020-08-25,信息审核
513662,吉利汽车,博瑞,2020款 1.5T MHEV 耀尊版,吉利博瑞发动机抖动严重希望处理,"A24,",2020-08-25,处理反馈
513658,上汽大众,朗逸,2019款 1.5L 自动 风尚版 国VI,上汽大众朗逸发动机漏油维修未解决问题,"A12,",2020-08-25,信息审核
513652,上汽大众,途观L,2018款 330TSI 自动 两驱 旗舰版,上汽大众途观L变速箱无法提速存在质量问题,"B334,",2020-08-25,信息审核
513650,东风日产,奇骏,2019款 2.0L CVT 舒适版 5座 2WD,东风日产奇骏大灯进水 反光碗出现腐蚀,"H88,",2020-08-25,处理反馈
513649,上汽大众,朗逸,2017款 1.6L 自动 舒适版,上汽大众朗逸刹车时前轮位置存在异响,"E43,",2020-08-25,信息审核
513648,东风日产,轩逸,2016款 1.6XL CVT 尊享版,东风日产轩逸变速箱挂挡抖动 发动机熄火,"A14,B95,",2020-08-25,处理反馈
513642,一汽-大众,迈腾,2019款 330TSI DSG 领先型 国V,一汽大众迈腾变速箱故障机电单元损坏,"B84,",2020-08-25,用户评分
513641,东风日产,劲客,2017款 1.5L CVT 智行版,东风日产劲客优科豪马轮胎鼓包起皮,"F186,F39,",2020-08-25,处理反馈
513638,吉利汽车,经典帝豪,2012款 1.5L 手动 超悦型 两厢,吉利经典帝豪车身腐蚀生锈希望处理,"H79,",2020-08-25,处理反馈
513637,东风日产,骐达TIIDA,2016款 1.6L CVT 酷动版,东风日产骐达变速箱异响很严重希望处理,"B33,",2020-08-25,处理反馈
513629,广汽本田,飞度,2004款 两厢飞度 1.5 AT CVT,广汽本田飞度行驶中变速箱顿挫刹车抖动,"B19,E111,",2020-08-25,信息审核
513623,东风标致,标致408,2015款 1.2T 自动 豪华版,东风标致408固特异轮胎出现裂纹影响安全,"F100,",2020-08-25,厂家受理
513619,比亚迪,比亚迪S6,2013款 劲悦版 2.0L 手动 精英型 5座,比亚迪S6车身漆面起泡开裂希望处理,"H81,",2020-08-25,厂家受理
513615,吉利汽车,帝豪GL,2019款 1.4T 手动 精英智享型,吉利帝豪GL底盘异响 车门生锈 换挡异响,"B20,C65,G52,H79,",2020-08-25,处理反馈
513613,东风日产,奇骏,2014款 2.0L XL CVT 两驱 舒适版,东风日产奇骏变速箱顿挫希望厂家解决,"B19,",2020-08-25,处理反馈
513612,广汽丰田,YARiS L 致享,2017款 1.3E 手动 魅动版,广汽丰田致享4S店不给机动车登记证尾灯异物,"H82,O353,",2020-08-25,信息审核
513607,一汽-大众,探岳,2019款 330TSI 两驱 豪华型 国V,一汽大众探岳大灯透镜脏污影响驾驶安全,"H82,",2020-08-25,处理反馈
513604,长城汽车,哈弗H6 Coupe,2018款 1.5T 自动 两驱 超豪型 红标,哈弗H6 Coupe电瓶严重亏电希望厂家处理,"H146,",2020-08-25,信息审核
513602,一汽奔腾,奔腾T77,2019款 230 TID 自动 尊享型 国V,一汽奔腾T77金属件有锈迹希望厂家解决,"H79,",2020-08-25,信息审核
513593,一汽-大众,探岳,2019款 330TSI 两驱 豪华型 国Ⅵ,一汽大众探岳大灯透视发白影响驾驶安全,"H82,",2020-08-25,处理反馈
513590,众泰汽车,众泰T600,2016款 2.0T  自动 尊贵型 运动版,众泰T600变速箱无法换挡 温度过高,"B246,",2020-08-25,信息审核
513588,一汽-大众奥迪,奥迪Q3,2020款 35 TFSI 时尚动感型,一汽大众奥迪Q3底盘异响 变速箱换挡异响,"B33,G56,I293,",2020-08-24,信息审核
513587,上汽通用五菱,五菱荣光新卡,2018款 1.5L双排L3C,上汽通用五菱荣光新卡经销商出售库存车,"A160,M283,",2020-08-24,处理反馈
513586,奇瑞汽车,艾瑞泽5,2018款 1.5L CVT 致敬青春版,奇瑞艾瑞泽5起步刹车异响 门框掉漆,"E43,H81,H119,",2020-08-24,处理反馈
513582,华晨宝马,宝马3系,2016款 316i 时尚型,华晨宝马3系转向沉重 故障灯亮希望处理,"D156,D291,H203,",2020-08-24,信息审核
513578,上汽大众,途观,2016款 280TSI 自动 两驱 丝绸之路舒适版,上汽大众途观发动机EPC故障灯亮多次返修,"A34,J298,",2020-08-24,处理反馈
513577,一汽大众,捷达VS7,2020款 1.4T 自动 悦享型,捷达VS7前风挡漏水 后视镜异响 刹车异响,"E43,H109,H211,",2020-08-24,信息审核
513570,北京现代,途胜,2015款 1.6T   双离合 两驱 智能型,北京现代途胜冷启动发动机抖动严重,"A24,",2020-08-24,信息审核
513569,上汽通用五菱,新宝骏RS-5,2019款 1.5T CVT 智能驾控豪华版 国V,新宝骏RS-5行驶中变速箱失去动力要求解决,"B334,B246,I295,I294,",2020-08-24,处理反馈
513567,华晨中华,中华H3,2017款 1.5L 手动 精英型,中华H3转向卡滞异响要求厂家给予解决,"D59,D123,I295,",2020-08-24,信息审核
513563,知豆电动车,知豆D2,2017款 D2S,知豆D2交流转换器无配件厂家不予解决,"I295,N318,",2020-08-24,厂家受理
513560,广汽丰田,雷凌,2019款 185T CVT 豪华版 国V,广汽丰田雷凌发动机异响4S店无法解决,"A9,I295,",2020-08-24,信息审核
513559,上汽大众,途岳,2020款 280TSI 两驱 豪华版 国VI,上汽大众途岳换挡时变速箱低速异响顿挫,"B33,B19,",2020-08-24,处理反馈
513558,北京现代,名图,2017款 1.8L 自动 智能型 GLS 国V,北京现代名图发动机异响4S店无法解决,"A9,",2020-08-24,信息审核
513550,比亚迪,比亚迪S7,2015款 2.0T 自动 尊贵型,比亚迪S7变速箱顿挫 方向盘抖动 行驶跑偏,"B19,D80,G56,G117,",2020-08-24,信息审核
513549,华晨宝马,宝马3系,2019款 320Li M运动曜夜版,华晨宝马3系主驾驶侧遮阳板连接杆断裂,"H168,",2020-08-24,信息审核
513548,长安汽车,长安UNI-T,2020款 1.5T 尊贵型,长安UNI-T正常行驶过程中转向系统锁死,"D123,",2020-08-24,信息审核
513538,东风本田,杰德,2020款 1.8L 自动 舒适版,东风本田杰德发动机异响开启空调怠速抖动,"A9,A35,H121,",2020-08-24,厂家受理
513528,一汽-大众,迈腾,2019款 330TSI DSG 豪华型 国V,一汽大众迈腾中控台石英钟和仪表盘裂纹,"H168,",2020-08-24,用户评分
513523,长安汽车,长安CS55,2018款 1.5T 自动 炫色型 国V,长安CS55更换配件后发动机异响更加严重,"A9,",2020-08-24,信息审核
513518,广汽丰田,雷凌,2017款 185T CVT 精英版 国V 改款,广汽丰田雷凌行驶不平整路段中控台异响,"H93,",2020-08-24,信息审核
513516,上汽通用五菱,宝骏310W,2017款 1.5L 手动 舒适型 国VI,宝骏310W方向盘助力失效4S店更换非原厂配件,"D265,N319,",2020-08-24,处理反馈
513514,一汽-大众,宝来,2016款 1.6L 自动 舒适型,一汽大众宝来天窗密封不到位导致漏水,"H90,",2020-08-24,处理反馈
513504,上汽大众,途观L,2017款 330TSI 两驱 豪华版,上汽大众途观L变速箱跳挡希望厂家处理,"B19,B27,B208,",2020-08-24,信息审核
513502,东风日产,天籁,2020款 2.0L XL 舒适版,东风日产天籁中控黑屏油箱异响希望厂家处理,"H134,H147,",2020-08-24,信息审核
513497,吉利汽车,帝豪GL,2017款 1.3T 自动 精英型,吉利帝豪GL变速箱顿挫车门异响希望厂家处理,"B19,H72,",2020-08-24,处理反馈
513495,长安汽车,长安CS85 COUPE,2019款 1.5T DCT 动版 国VI,长安CS85 COUPE变速箱顿挫希望厂家处理,"A14,B19,",2020-08-24,信息审核
513489,华晨宝马,宝马X1,2018款 sDrive18Li 尊享型,华晨宝马X1天窗异响希望厂家处理问题,"H89,",2020-08-24,信息审核
513483,一汽-大众,宝来,2020款 1.5L 自动 精英型,一汽大众宝来发动机抖动希望尽快处理,"A24,",2020-08-24,处理反馈
513473,东风悦达起亚,起亚KX7,2017款 2.0T 四驱 DLX,东风悦达起亚KX7起步抖动 动力消失,"A24,B95,",2020-08-24,信息审核
513472,长安跨越,新豹3,2019款 1.5L 标准型 双排 后单轮 标准 货箱DK15C,长安跨越新豹3变速箱破损希望尽快处理,"B22,B77,",2020-08-24,信息审核
513467,东风日产,天籁,2016款 2.0L XL 舒适版 改款,东风日产天籁变速箱阀体故障要求延保,"B84,",2020-08-24,处理反馈
513465,上汽大众,帕萨特新能源,2019款 430PHEV 混动 豪华版,上汽大众帕萨特新能源混合动力出现故障	,"A34,",2020-08-24,信息审核
513460,长安汽车,长安CS55,2017款 1.5T 手动 炫色型,长安CS55打方向异响 维修后未解决,"D59,",2020-08-24,信息审核
513458,长城汽车,欧拉黑猫,2021款 351km 标准型,欧拉黑猫远程控制无法使用 蓝牙无法控制,"H155,",2020-08-24,信息审核
513456,华晨宝马,宝马5系,2019款 530Li xDrive M运动套装,华晨宝马5系方向机异响 售后不予保修,"D59,I297,",2020-08-24,厂家受理
513448,东风日产,逍客,2016款 2.0L CVT 精英版,东风日产逍客保养之后变速箱故障,"B84,",2020-08-24,处理反馈
513444,东风标致,标致307,2010款 307两厢 2.0 自动 运动版,东风标致307油箱多功能阀破裂导致有汽油味,"H271,",2020-08-24,处理反馈
513443,东风风行,景逸X5,2017款 1.5T CVT 尊享型 劲享系列,东风风行景逸X5车身漏水导致仪表失灵,"H109,",2020-08-24,处理反馈
513435,东风雪铁龙,雪铁龙C5,2012款 2.0 自动 尊享型,东风雪铁龙C5车窗升降器故障希望更换处理,"H67,",2020-08-24,处理反馈
513434,奇瑞汽车,艾瑞泽5,2017款 1.5L 手动 领潮版,奇瑞艾瑞泽5整车故障多厂家不予解决,"I295,I293,",2020-08-24,厂家受理
513430,一汽奔腾,奔腾T77,2020款 PRO 280 TID 自动 尊享型,一汽奔腾T77空调排水管堵塞 导致车内积水,"H101,",2020-08-24,信息审核
513422,一汽-大众,探岳,2019款 330TSI 四驱 豪华型 国V,一汽大众探岳电瓶亏电导致影响使用,"H146,",2020-08-24,处理反馈
513421,东风雪铁龙,世嘉,2013款 1.6L 自动 品尚型 三厢,东风雪铁龙世嘉大灯雨刷组合开关故障,"H71,",2020-08-24,用户评分
513415,DS汽车,DS 7,2018款 45THP 里沃利先锐版,长安标致雪铁龙DS7车窗异响厂家未解决问题	,"H72,",2020-08-24,信息审核
513414,一汽-大众奥迪,奥迪Q5L,2018款 45 TFSI 尊享时尚型 国V,一汽大众奥迪Q5L全轮驱动故障灯报警,"H86,",2020-08-24,信息审核
513408,北京现代,现代ix35,2019款 2.0L 自动 两驱 智勇·畅享版 国VI,北京现代ix35发动机油耗无故增多,"A85,",2020-08-24,信息审核
513407,一汽-大众,高尔夫,2020款 挚爱版 280TSI DSG 舒适型,一汽大众高尔夫发动机漏防冻液希望处理,"A37,",2020-08-24,处理反馈
513404,一汽-大众奥迪,奥迪A4L,2013款 2.0T 自动 舒适型,一汽大众奥迪A4L机油损耗异常 发动机漏油,"A12,A63,",2020-08-24,信息审核
513402,吉利汽车,帝豪GS,2016款 1.3T 自动 领尚型 优雅版,吉利帝豪GS低速时变速箱顿挫 油耗高,"A85,B19,",2020-08-24,处理反馈
513400,东风标致,标致5008,2017款 350THP 精英版 7座,东风标致5008转向异响4S店维修后未解决,"D59,J298,",2020-08-24,处理反馈
513397,奇瑞汽车,瑞虎7,2016款 1.5T 手动 电商版,奇瑞瑞虎7离合器不回弹导致无法挂挡,"C267,",2020-08-24,处理反馈
513396,一汽-大众,探岳,2019款 330TSI 两驱 豪华型 国V,一汽大众探岳大灯透镜出现裂纹亮度不足,"H82,H220,I295,",2020-08-24,处理反馈
513395,中兴汽车,领主,2016款 2.5T 两驱 豪华型JE4D25E,中兴领主三元催化器破损厂家拒绝索赔,"H54,Q322,",2020-08-24,信息审核
513392,一汽丰田,皇冠,2015款 2.0T 时尚版,一汽丰田皇冠方向盘掉皮希望处理	,"H168,",2020-08-24,信息审核
513389,广汽本田,锋范经典,2012款 1.5L 手动 舒适版,广汽本田锋范发动机仓内部件生锈要求解决,"H79,",2020-08-24,信息审核
513387,领克汽车,领克01,2017款 2.0T 自动 两驱 型 Pro,领克01天窗漏水导致电路故障希望处理,"H90,",2020-08-24,处理反馈
513384,上汽大众,凌渡,2015款 280TSI 手动 舒适版,上汽大众凌渡车内异味严重希望处理,"H185,",2020-08-24,处理反馈
513379,长安马自达,马自达3 昂克赛拉,2020款 2.0L 自动 质雅版,长安马自达昂克赛拉转向沉重4S店不予解决,"D156,I295,",2020-08-24,处理反馈
513371,大众（进口）,Passat,2011款 2.0T 舒适型 旅行版,进口大众Passat半轴异响4S店不予保修,"G227,I297,",2020-08-24,信息审核
513369,长安马自达,马自达3 昂克赛拉,2017款 1.5L 自动 豪华型 三厢 国V,长安马自达昂克赛拉行驶中发动机抖动,"A24,",2020-08-24,处理反馈
513367,东风悦达起亚,KX3傲跑,2020款 1.5L CVT 智慧版,东风悦达起亚KX3傲跑中控屏死机中控台异响,"H134,H93,H155,H179,",2020-08-24,处理反馈
513366,上汽大众,凌渡,2019款 280TSI DSG 豪华版 国V,上汽大众凌渡变速箱升挡时异响严重,"B33,",2020-08-24,处理反馈
513363,吉利汽车,帝豪GL,2017款 1.8L 自动 精英型,吉利帝豪GL下雨天车门无法开启希望处理,"H149,",2020-08-24,处理反馈
513361,上汽大众,朗逸,2018款 1.5L 自动 风尚版 经典 国VI,上汽大众朗逸熄火后油箱位置异响严重,"H147,I294,",2020-08-24,处理反馈
513357,长城汽车,哈弗H6 Coupe,2016款 1.5T 自动 两驱精英型,哈弗H6 Coupe电子系统故障多项功能失灵,"H110,",2020-08-24,信息审核
513350,奇瑞汽车,艾瑞泽5,2016款 1.5L CVT 领锐版,奇瑞艾瑞泽5行驶中天窗自动开启无法关闭,"H89,H192,",2020-08-24,处理反馈
513348,东风标致,标致3008,2013款 1.6T 自动 THP至尚版,东风标致3008进气系统故障发动机故障灯亮,"A34,",2020-08-24,处理反馈
513346,东风标致,标致408,2016款 1.6T 自动 豪华版,东风标致408方向盘按键有掉皮的现象,"H168,",2020-08-24,信息审核
513342,起亚（进口）,索兰托,2013款 2.2T 豪华版 柴油 7座,进口起亚索兰托高压油泵故障要求免费更换,"H78,",2020-08-24,信息审核
513338,华晨宝马,宝马3系,2020款 325Li M运动曜夜套装,华晨宝马3系发动机热量管理模块故障,"A191,L310,",2020-08-24,用户评分
513330,上汽大众,凌渡,2019款 280TSI DSG 舒适版 国VI,上汽大众凌渡发动机爆震 变速箱顿挫有异响,"A18,B33,B19,M283,",2020-08-24,处理反馈
513324,吉利汽车,帝豪GL,2017款 1.8L 自动 精英型,吉利帝豪GL仪表盘玻璃外罩开裂质量差,"H168,",2020-08-24,处理反馈
513323,华晨宝马,宝马3系,2020款 325Li 首发版,华晨宝马3系左后尾灯出现裂纹厂家拒绝保修,"H220,I297,",2020-08-24,信息审核
513318,广汽丰田,汉兰达,2018款 2.0T 四驱 至尊版 7座 国VI,广汽丰田汉兰达变速箱 方向盘及刹车异响,"B33,D59,E43,H72,",2020-08-24,信息审核
513317,DS汽车,DS 5LS,2014款 1.6T 自动 豪华版 THP200,长安标致雪铁龙DS 5LS事故车维修没有配件 ,"N318,",2020-08-24,信息审核
513310,一汽-大众奥迪,奥迪Q5,2013款 40 TFSI 自动 技术型,一汽大众奥迪Q5车内有异味影响身体健康,"H185,",2020-08-24,信息审核
513308,上汽大众,朗逸,2017款 1.6L 手动 风尚版,上汽大众朗逸变速箱异响倒挡无法解除,"B33,B20,",2020-08-24,处理反馈
513303,比亚迪,比亚迪S7,2015款 2.0T 自动 豪华型,比亚迪S7因偶发性漏水导致异响抖动,"H109,",2020-08-24,处理反馈
513302,长安汽车,锐程CC,2020款 1.5T 自动 潮锐型,长安锐程CC车门多处生锈 气囊故障灯亮,"H79,H103,",2020-08-24,厂家受理
513301,奇瑞汽车,瑞虎3x,2017款 1.5L 自动 时尚版,奇瑞瑞虎3x行驶过程中发动机突然熄火,"A14,",2020-08-24,处理反馈
513297,一汽-大众,速腾,2015款 230TSI  手动 豪华型,一汽大众速腾电网控制单元出现故障,"H110,",2020-08-24,处理反馈
513296,东风日产,轩逸,2019款 1.6XV CVT 智联尊享版 国VI,东风日产轩逸刹车时油箱异响明显,"H147,",2020-08-24,信息审核
513294,上汽通用五菱,新宝骏RM-5,2019款 1.5T CVT 24小时在线 尊贵型 6座,新宝骏RM-5变速箱挂挡顿挫严重 车机死机,"B19,B115,B184,H155,J298,",2020-08-24,处理反馈
513290,一汽-大众,高尔夫,2019款 200TSI DSG 舒适进取版 国VI,一汽大众高尔夫预定与所提车型年款不同,"M280,",2020-08-24,处理反馈
513288,奔驰（进口）,奔驰GLE,2016款 320 4MATIC 动感型,进口奔驰GLE行驶中车顶配件掉落要求处理,"H179,",2020-08-24,信息审核
513287,上汽通用五菱,五菱宏光,2013款 1.5L 舒适型L2B,上汽通用五菱宏光车身生锈车漆起泡脱落,"H79,H81,",2020-08-24,处理反馈
513286,东风雪铁龙,世嘉,2016款 1.6L 手动 品尚型 经典,东风雪铁龙世嘉减震器弹簧断裂,"G204,",2020-08-24,处理反馈
513284,上汽大众,Polo,2016款 1.4L 自动 风尚型,上汽大众Polo经销商售后不退还储值卡余额,"I293,L314,",2020-08-24,处理反馈
513282,奇瑞汽车,瑞虎7,2020款 1.5T CVT 豪华型,奇瑞瑞虎7左尾灯灯罩磨损4S店不予解决,"H220,I295,",2020-08-24,处理反馈
513281,上汽大通,上汽大通MAXUS V80,2019款 2.5T 经典款 AMT 傲运通 长轴 中顶 7座,上汽大通MAXUS V80 DPF堵塞行驶中熄火,"A255,A114,",2020-08-24,用户评分
513278,一汽-大众奥迪,奥迪A4L,2019款 40 TFSI 时尚型 国VI,一汽大众奥迪A4L变速箱换挡异响抖动顿挫,"B33,B19,B95,",2020-08-24,信息审核
513276,一汽-大众,速腾,2018款 280TSI DSG熠动版,一汽大众速腾发动机高压泵异响厂家未解决,"A9,",2020-08-24,处理反馈
513275,广汽丰田,凯美瑞,2019款 2.0G 豪华版 国VI,广汽丰田凯美瑞行驶过程中车内有异响,"H164,",2020-08-24,信息审核
513267,吉利汽车,帝豪GL,2017款 1.3T 手动 精英型,吉利帝豪GL下雨天车门打不开希望处理,"H79,H149,",2020-08-24,处理反馈
513259,东风日产,阳光,2015款 1.5XE 手动 大师版,东风日产阳光起步时离合器异响要求解决,"C65,",2020-08-24,处理反馈
513258,吉利汽车,帝豪GL,2017款 1.8L 手动 精英型,吉利帝豪GL下雨天车门打不开希望处理,"H197,",2020-08-24,用户评分
513256,东风雪铁龙,雪铁龙C4L,2014款 1.6THP 自动 智驱版 劲智型,东风雪铁龙C4L发动机烧机油 链条异响,"A63,A45,I297,J306,",2020-08-24,处理反馈
513254,一汽丰田,亚洲龙,2019款 2.5L 进取版 国Ⅵ,一汽丰田亚洲龙刹车异响 A柱车门异响,"E43,H15,",2020-08-24,信息审核
513248,东风雪铁龙,雪铁龙C4L,2013款 1.6THP 自动 劲享版,东风雪铁龙C4L转向柱松动影响安全,"D337,I297,",2020-08-24,厂家受理
513243,上汽大众,朗逸,2019款 280TSI DSG 豪华版 国VI,上汽大众朗逸低速行驶中变速箱异响,"B33,",2020-08-24,处理反馈
513239,众泰汽车,芝麻,2018款 eZ 翼享版,众泰芝麻右后刹车分泵损坏漏油影响安全,"E196,N318,",2020-08-24,厂家受理
513236,一汽-大众奥迪,奥迪A4L,2020款 40 TFSI 豪华动感型,一汽大众奥迪A4L车轮异响严重希望处理,"G125,",2020-08-24,信息审核
513234,吉利汽车,帝豪GL,2017款 1.8L 手动 精英型,吉利帝豪GL下雨天车门打不开希望处理,"H197,",2020-08-24,处理反馈
513233,奔驰（进口）,奔驰C级（进口）,2016款 180 旅行轿车,进口奔驰C级转向机故障沉重失灵望厂家解决,"D156,D57,D265,",2020-08-24,信息审核
513232,广汽本田,凌派,2017款 1.8L CVT 舒适特装版,广汽本田凌派风扇电机故障导致无法工作,"A191,",2020-08-24,信息审核
513229,长安汽车,逸动DT,2018款 1.6L 手动 智享型,长安逸动DT转向柱生锈希望厂家处理,"H79,",2020-08-24,厂家受理
513228,众泰汽车,众泰E200,2018款 飞鱼座,众泰E200制动总泵损坏充电机损坏厂家无货,"E29,E196,H340,N318,",2020-08-24,信息审核
513227,长安汽车,长安CS55 PLUS,2020款 1.5T 手动 炫色型,长安CS55 PLUS行驶过程中发动机和车门异响,"A9,G204,H72,",2020-08-24,信息审核
513218,东风日产,天籁,2013款 2.0L XL 舒适版,东风日产天籁车内异味 发动机烧机油,"A63,B22,D58,F100,H185,",2020-08-24,处理反馈
513216,北京现代,朗动,2016款 1.6L 自动 智能型,北京现代朗动中控屏黑屏无法正常使用,"H134,",2020-08-24,信息审核
513214,上汽大众,朗逸,2010款 1.4TSI DSG运动版,上汽大众朗逸后排进水更换密封条未解决,"H109,",2020-08-24,处理反馈
513212,一汽大众,捷达VS5,2019款 280TSI 自动 荣耀型,捷达VS5正常行驶中底盘异响希望得到解决,"G56,",2020-08-24,信息审核
513210,一汽丰田,威驰,2017款 1.3L CVT 锐行版,一汽丰田威驰行驶中发动机异响4S店不处理,"A9,",2020-08-24,信息审核
513208,长安马自达,马自达3 昂克赛拉,2019款 云控版 两厢 1.5L 自动 豪华型 国V,长安马自达昂克赛拉汽油泵故障行驶中熄火,"H78,",2020-08-24,处理反馈
513206,东风本田,本田CR-V,2019款 锐·混动 2.0L 四驱 净享版 国V,东风本田CR-V行驶中ACC感应失灵,"H170,",2020-08-24,厂家受理
513202,东风本田,本田CR-V,2019款 耀目版 240TURBO CVT 两驱 舒适版 国VI,东风本田CR-V轮胎吃胎偏磨要求解决,"G245,",2020-08-24,厂家受理
513190,一汽-大众,速腾,2018款 280TSI 双离合 舒适型,一汽大众速腾踩油门加速变速箱有异响,"B33,",2020-08-24,处理反馈
513181,广汽丰田,凯美瑞,2018款 2.5HG E-CVT 豪华版,广汽丰田凯美瑞普利司通轮胎凹槽开裂,"F100,",2020-08-24,信息审核
513180,奥迪（进口）,奥迪S3,2015款 2.0T Limousine,进口奥迪S3变速箱报警 发动机漏防冻液,"A37,B96,B115,",2020-08-24,信息审核
513178,吉利汽车,帝豪GL,2019款 1.4T CVT 尊贵智享版,吉利帝豪GL发动机和变速箱故障灯多次报警,"A34,B96,I295,",2020-08-24,处理反馈
513176,华晨宝马,宝马X1,2020款 sDrive25Li 领先型,华晨宝马X1变速箱无法挂挡副驾安全带故障,"B20,B184,H118,",2020-08-24,信息审核
513174,众泰汽车,大迈X7,2017款 1.5T 手动 豪华型,离合器异响,"C,",2020-08-24,厂家受理
513173,上汽斯柯达,速派,2013款 1.4T DSG 绅仕版,斯柯达速派发动机烧机油 故障灯亮,"A34,A63,",2020-08-24,处理反馈
513171,一汽-大众,宝来,2020款 1.5L 自动 舒适型,一汽大众宝来引擎盖车漆开裂4S店否认问题,"H81,",2020-08-24,处理反馈
513169,北京现代,领动,2016款 1.6L 自动 智炫·精英型,北京现代领动空调面板开裂希望尽快处理,"H168,",2020-08-24,信息审核
513167,BEIJING汽车,绅宝D70,2018款 性能版 1.8T 舒适版,北汽绅宝D70发动机抖动 熄火 碳罐进油,"A24,A14,H271,",2020-08-24,处理反馈
513162,广汽丰田,凯美瑞,2019款 2.5G 豪华版 国VI,广汽丰田凯美瑞副驾驶车门生锈希望处理,"H79,",2020-08-24,信息审核
513159,上汽大众,途观L,2019款 380TSI 自动 四驱 智动豪华版 国VI,上汽大众途观L主驾驶座椅异响维修未解决,"H169,",2020-08-24,处理反馈
513156,一汽-大众奥迪,奥迪A4L,2017款 2.0T 双离合 运动型 Plus,一汽大众奥迪A4L右前大灯内有雪花状裂纹,"H220,",2020-08-24,信息审核
513152,上汽大众,途观,2017款 300TSI 自动 两驱 丝绸之路舒适版,上汽大众途观发动机转速高车速却很低,"B20,",2020-08-24,处理反馈
513150,一汽丰田,奕泽IZOA,2020款 2.0L 奕驰版,一汽丰田奕泽旧车置换补贴不兑现,"L313,",2020-08-24,信息审核
513144,比亚迪,比亚迪F0,2010款 尚酷爱国版 1.0 手动 铉酷型,比亚迪F0底盘锈蚀严重希望尽快处理,"H79,",2020-08-24,处理反馈
513131,上汽通用五菱,五菱之光小卡,2020款 1.2L 单排,上汽通用五菱荣光小卡变速箱漏油 行驶脱挡,"B22,B246,",2020-08-24,处理反馈
513127,吉利汽车,帝豪GL,2017款 1.3T 手动 精英型,吉利帝豪GL副驾驶座椅缝线开裂海绵漏出,"H168,",2020-08-24,处理反馈
513123,广汽本田,飞度,2014款 1.5L CVT LX舒适型,广汽本田飞度变速箱漏油希望尽快解决,"B22,",2020-08-24,信息审核
513120,奇瑞汽车,瑞虎5x,2019款 1.5L CVT 智享版,瑞虎5x变速箱上坡时无法加速望厂家解决,"B334,",2020-08-24,处理反馈
513118,领克汽车,领克01,2017款 2.0T 自动 两驱 型 Pro,领克01车辆在拖车过程中疑似进水,"J299,",2020-08-24,用户评分
513117,众泰汽车,众泰E200,2018款 Pro,众泰E200动力电池经常断开无法行驶,"H343,",2020-08-24,信息审核
513116,广汽丰田,雷凌,2017款 1.2T G CVT 精英版,广汽丰田雷凌变速箱漏油质保期内未告知,"B22,",2020-08-24,信息审核
513115,一汽-大众,探岳,2019款 征途版 280TSI 两驱 豪华型 国Ⅵ,一汽大众探岳大灯透镜白雾影响夜间照明安全,"H82,",2020-08-24,处理反馈
513113,北京现代,领动,2016款 1.6L 自动 智炫·精英型,北京现代领动4S店维修后门锁故障,"H197,J300,",2020-08-23,信息审核
513100,SWM斯威汽车,SWM斯威G01,2019款 1.5T 手动 智UP 国V,斯威G10车辆购买前重新做过漆要求解决,"M284,",2020-08-23,信息审核
513098,北京奔驰,奔驰C级,2015款 200 L,北京奔驰C级发动机进气凸轮轴移位,"A34,",2020-08-23,信息审核
513096,上汽斯柯达,昊锐,2009款 1.8TSI 自动 贵雅版,斯柯达昊锐车内刺鼻异味严重无法解决,"H185,",2020-08-23,处理反馈
513095,上汽大众,朗逸,2019款 280TSI DSG 舒适版 国VI,上汽大众朗逸变速箱异响希望尽快解决,"B33,",2020-08-23,处理反馈
513093,一汽-大众奥迪,奥迪A6L,2020款 40 TFSI 豪华动感型,一汽大众奥迪A6L低速行驶变速箱抖动异响,"B33,B95,",2020-08-23,信息审核
513089,一汽-大众奥迪,奥迪A6L,2020款 45 TFSI 臻选动感型,一汽大众奥迪A6L变速箱异响4S店无法解决,"B33,B95,I295,J298,",2020-08-23,信息审核
513086,东风本田,思铂睿,2013款 2.4L 自动 TYPE-S,东风本田思铂睿行驶中转向沉重要求解决,"D156,D291,",2020-08-23,厂家受理
513085,广汽本田,雅阁,2016款 2.0L CVT 精英版,广汽本田雅阁右侧日间行车灯不亮要求解决,"H82,",2020-08-23,处理反馈
513078,一汽-大众,T-ROC探歌,2018款 280TSI DSG 两驱 舒适型 国V,一汽大众T-ROC探歌大灯亮度不足要求处理,"H82,",2020-08-23,用户评分
513077,一汽-大众,速腾,2015款 1.6L  自动 舒适型,一汽大众速腾轮速传感器多次报警要求解决,"E62,N317,",2020-08-23,处理反馈
513076,一汽-大众奥迪,奥迪A4L,2019款 40 TFSI 时尚型 国V,一汽大众奥迪A4L车身镀铬亮条氧化严重,"H81,",2020-08-23,信息审核
513075,奇瑞汽车,捷途X70,2018款 1.5T 手动 畅行版,捷途X70经销商承诺免费保养不兑现,"L313,",2020-08-23,处理反馈
513068,上汽大众,途安,2018款 途安L 280TSI 自动 豪华版 7座,上汽大众途安左侧A柱三角窗处传出异响,"H164,I295,",2020-08-23,处理反馈
513065,奇瑞汽车,瑞虎7,2020款 1.6T DCT 型 PRO,奇瑞瑞虎7底盘多处生锈4S店修出新故障,"H79,J300,",2020-08-23,处理反馈
513061,广汽丰田,凯美瑞,2008款 240G 2.4 自动 豪华版,广汽丰田凯美瑞仪表台出油反光影响驾驶安全,"H176,",2020-08-23,信息审核
513060,BEIJING汽车,绅宝D50,2014款 1.5L 手动 精英版,绅宝D50安全气囊故障灯亮无法消除,"H103,",2020-08-23,处理反馈
513058,一汽-大众,探岳,2020款 330TSI 两驱 豪华智联版,一汽大众探岳刹车失灵 大灯亮度过低,"E29,H82,",2020-08-23,处理反馈
513052,华晨宝马,宝马X1,2015款 xDrive20i 时尚型,华晨宝马X1转向时失去助力故障灯亮,"D156,D291,",2020-08-23,信息审核
513049,江铃福特,全顺,2017款 2.0T 多功能商用车 短轴 低顶 国V 柴油,江铃福特全顺三元催化器堵塞导致故障灯亮,"A34,H54,",2020-08-23,处理反馈
513044,广汽本田,凌派,2019款 180Turbo CVT 豪华版 国VI,广汽本田凌派涡轮增压器异响动力不足,"A189,",2020-08-23,信息审核
513043,广汽本田,飞度,2018款 1.5L CVT 舒适天窗版,广汽本田飞度热车时发动机无法启动故障灯亮,"A34,A44,",2020-08-23,处理反馈
513041,一汽-大众,迈腾,2020款 330TSI DSG 豪华型,一起大众迈腾新车机油泄漏4S店出售问题车,"M284,",2020-08-23,处理反馈
513037,上汽大众,朗逸,2019款 1.5L 自动 舒适版 国VI,上汽大众朗逸行驶中加速时变速箱异响,"B33,",2020-08-23,信息审核
513030,广汽丰田,YARiS L 致炫,2016款 1.5E CVT 魅动版 改款,广汽丰田致炫原装韩泰轮胎出现裂纹,"F100,",2020-08-23,信息审核
513023,广汽本田,飞度,2014款 1.5L CVT LX舒适型,广汽本田飞度冷车启动时发动机异响,"A9,",2020-08-23,信息审核
513020,一汽-大众,高尔夫,2016款 1.6L  自动 舒适型,一汽大众高尔夫换挡机构故障导致故障灯亮,"B96,B184,",2020-08-23,处理反馈
513019,东风雪铁龙,C4世嘉,2016款 1.6L 手动 豪华型,东风雪铁龙C4世嘉方向盘晃动要求更换,"D80,",2020-08-23,处理反馈
513018,广汽丰田,雷凌,2014款 1.6G CVT 精英版,广汽丰田雷凌变速箱漏油 后减震器漏油,"B22,G25,",2020-08-23,信息审核
513017,广汽本田,凌派,2019款 180Turbo CVT 豪华版 国VI,广汽本田凌派行驶中涡轮增压器故障无法加速,"A189,",2020-08-23,处理反馈
513016,比亚迪,比亚迪F0,2009款 1.0 手动 舒适型,比亚迪F0底盘锈蚀严重希望尽快处理,"H79,",2020-08-23,用户评分
513012,奇瑞汽车,瑞虎3x,2017款 1.5L 手动 时尚版,奇瑞瑞虎3x前风挡玻璃无故开裂希望处理,"H113,",2020-08-23,用户评分
513011,广汽乘用车,传祺GA8,2017款 280T 尊享版,广汽传祺GA8水管破损渗漏防冻液希望处理,"A37,H168,",2020-08-23,处理反馈
513008,江淮汽车,瑞风S5,2014款 2.0L 手动 尊贵版,江淮瑞风S5发动机掉落厂家不处理,"A241,",2020-08-23,处理反馈
513004,长城汽车,炮,2019款 2.0T 自动 两驱 舒适版 汽油 GW4C20B,长城炮车联网功能无法使用希望尽快处理,"H155,",2020-08-23,信息审核
513002,一汽-大众,探岳,2019款 330TSI 两驱 豪华型Plus 国VI,一汽大众探岳变速箱异响无法加速,"B33,B334,",2020-08-23,用户评分
512999,上汽大众,朗逸,2019款 280TSI DSG 舒适版 国VI,上汽大众朗逸右前轮刹车异响严重,"E43,",2020-08-23,处理反馈
512998,众泰汽车,众泰E200,2016款 纯电动 三门两座科技版,众泰E200动力电池故障无法行驶无配件,"H343,N318,",2020-08-23,信息审核
512997,上汽大众,途观,2013款 2.0TSI 自动 四驱 豪华版,上汽大众途观进气管漏油希望处理,"A12,",2020-08-23,处理反馈
512988,一汽-大众,速腾,2017款 230TSI 自动 舒适型,一汽大众速腾高速行驶时多个故障灯亮,"D156,D291,E74,E62,H203,",2020-08-23,处理反馈
512986,东风本田,本田CR-V,2019款 240TURBO CVT 两驱 风尚版 国VI,东风本田CR-V前机盖爆皮车门金属条掉色,"H81,",2020-08-23,处理反馈
512985,北京奔驰,奔驰C级,2016款 200 运动版,北京奔驰C级发动机启动延迟 故障灯亮,"A34,A44,",2020-08-23,信息审核
512982,上汽通用五菱,新宝骏RS-5,2019款 1.5T CVT 智能驾控豪华版 国VI,新宝骏RS-5车门饰条开裂 自动刹车功能不全,"H179,I295,M279,",2020-08-23,处理反馈
512979,广汽本田,飞度,2014款 1.5L 手动 LX舒适型,广汽本田飞度发动机冷启动异响要求解决,"A9,",2020-08-23,处理反馈
512974,一汽吉林,森雅R7,2017款 1.6L 手动 豪华型,一汽吉林森雅R7发动机漏油希望厂家处理,"A12,",2020-08-23,信息审核
512971,上汽大众,朗逸,2018款 1.5L 自动 舒适版 国V,上汽大众朗逸韩泰轮胎开裂存在质量问题,"F100,",2020-08-23,处理反馈
512970,上汽大众,朗逸,2017款 1.6L 自动 舒适版,上汽大众朗逸韩泰轮胎出现裂口严重影响安全,"F100,",2020-08-23,处理反馈
512966,东风本田,本田XR-V,2020款 1.5L CVT 舒适版,东风本田XR-V 4S店收取购车意向金不予退还,"K309,",2020-08-23,处理反馈
512962,一汽-大众,速腾,2019款 200TSI DSG 舒适型 国V,一汽大众速腾换挡时变速箱有异响,"B33,",2020-08-23,处理反馈
512959,一汽-大众,速腾,2018款 280TSI DSG熠动版,一汽大众速腾四条韩泰轮胎出现裂纹,"F100,",2020-08-23,用户评分
512955,广汽丰田,凯美瑞,2018款 2.5HG E-CVT 豪华版,广汽丰田凯美瑞机油增多无解决方案	,"A339,",2020-08-23,信息审核
512954,华晨宝马,宝马5系,2018款 530Li 领先型 M运动套装 改款,华晨宝马5系4S店维修车辆故意拖延,"I282,L314,",2020-08-23,信息审核
512950,东风本田,本田XR-V,2015款 1.5L LXi CVT经典版,东风本田XR-V发动机启动时异响严重,"A9,",2020-08-23,处理反馈
512948,广汽丰田,凯美瑞,2012款 凯美瑞·尊瑞 2.5 HG 自动 豪华版,广汽丰田凯美瑞混合动力系统故障无法加速,"H343,",2020-08-23,信息审核
512936,上汽大众,途观L,2019款 330TSI 自动 两驱 R-Line旗舰版 国VI,上汽大众途观L方向盘居中时车辆却向右跑偏,"G117,",2020-08-23,用户评分
512933,众泰汽车,众泰T600,2015款 1.5T 手动 尊贵型,众泰T600副驾驶中控台处有漏水的现象,"H109,",2020-08-23,信息审核
512927,华晨宝马,宝马5系,2020款 530Li 尊享型 M运动套装,华晨宝马5系车机系统一直无法进行升级,"O348,",2020-08-23,处理反馈
512923,一汽丰田,RAV4荣放,2020款 2.0L CVT 两驱 风尚版,一汽丰田RAV4荣放车门 车窗及车身异响,"H72,H15,",2020-08-23,信息审核
512920,北京现代,悦动,2018款 1.6L 自动 悦目版 GL 国V,北京现代悦动车身多处锈蚀影像行车安全,"H79,",2020-08-23,信息审核
512912,一汽吉林,森雅R9,2018款 1.2T 自动 豪华智尚型,一汽吉林森雅R9变速箱及废气排放系统故障,"A34,B96,",2020-08-23,厂家受理
512907,江淮汽车,瑞风M4,2016款 2.0L 豪华型,江淮瑞风M4发动机无故障码抖动,"A24,",2020-08-23,处理反馈
512906,长安马自达,马自达CX-5,2015款 2.5L 自动 四驱 旗舰型,长安马自达CX-5悦联系统屏幕乱跳,"H134,",2020-08-23,处理反馈
512900,一汽吉林,森雅R9,2018款 1.2T 自动 豪华智尚型,一汽吉林森雅R9厂家不提供配件无法维修,"N318,",2020-08-23,信息审核
512899,一汽-大众,探岳,2019款 330TSI 两驱 豪华型 国Ⅵ,一汽大众探岳车身低频共振 前后雨刮异响,"H268,H60,",2020-08-23,处理反馈
512898,一汽-大众,捷达,2019款 1.4L 手动 时尚型 梦想版,一汽大众捷达离合器行程长脚感硬 刹车生锈,"C181,E42,",2020-08-23,处理反馈
512897,上汽大众,朗逸,2017款 1.6L 手动 风尚版,上汽大众朗逸车内异味影响身体健康,"H185,",2020-08-23,处理反馈
512892,北汽昌河,昌河Q7,2018款 1.5T CVT 精英型 5座,北汽昌河Q7中控屏卡死无故重启要求解决,"H134,",2020-08-23,厂家受理
512889,东风悦达起亚,福瑞迪,2018款 1.6L 手动 智享天窗版 Value,东风悦达起亚福瑞迪空调压缩机故障不予质保,"H101,I297,",2020-08-23,处理反馈
512884,吉利新能源,星越新能源,2019款 改款 400T 驭星者 纯电动续航80KM,吉利星越新能源车机系统卡顿与宣传不符,"H155,M279,",2020-08-23,处理反馈
512877,吉利汽车,远景X6,2020款 1.4T CVT 亚运版,吉利远景X6底盘生锈车窗和天窗不能自动关闭,"H79,H67,H192,",2020-08-23,处理反馈
512869,长安马自达,马自达3 昂克赛拉,2020款 2.0L 自动 质炫版,长安马自达昂克赛拉仪表盘方向盘减震器异响,"D59,G52,H72,H202,",2020-08-23,处理反馈
512866,奇瑞汽车,艾瑞泽GX,2019款 Pro 1.5T CVT 型色版 国VI,奇瑞艾瑞泽GX油门踏板抖动4S店查不出原因,"A174,J301,",2020-08-23,处理反馈
512864,一汽-大众奥迪,奥迪A6L,2019款 45 TFSI 臻选动感型,一汽大众奥迪A6L尾灯多处有开裂的现象,"H220,",2020-08-23,信息审核
512862,广汽本田,雅阁,2018款 260TURBO 精英版 国V,广汽本田雅阁踩油门行驶时发动机有异响,"A9,",2020-08-23,处理反馈
512860,DS汽车,DS 7,2018款 45THP 运动版,长安标致雪铁龙DS7尾灯进水严重承诺不兑现,"H88,L313,",2020-08-23,信息审核
512855,东风本田,杰德,2016款 1.8L 自动 舒适精英版 5座,东风本田杰德挂D挡和S挡时车辆无法行驶,"B334,",2020-08-23,用户评分
512848,领途汽车,领途K-ONE,2018款 300 豪华型,领途K-ONE高速行驶时故障灯亮无法启动,"A44,",2020-08-23,信息审核
512847,猎豹汽车,Mattu,2018款 1.6T GDI DCT 尊贵型,猎豹Mattu行驶中发动机抖动动力消失,"A24,A255,",2020-08-23,信息审核
512846,华晨中华,中华H230,2012款 1.5L 手动 舒适型,中华H230年检时OBD无法连接影响验车,"H49,",2020-08-23,信息审核
512845,英菲尼迪（进口）,英菲尼迪QX60,2014款 3.5L CVT 两驱卓越版 7座,进口英菲尼迪QX60行驶过程中发动机抖动,"A24,",2020-08-23,信息审核
512844,东风本田,杰德,2017款 1.8L 自动 舒适版 5座,东风本田杰德优科豪马轮胎有起皮掉块的现象,"F186,",2020-08-23,处理反馈
512842,北京现代,菲斯塔,2019款 280TGDi 智速版 国V,北京现代菲斯塔大灯开裂厂家不予质保,"H220,",2020-08-23,处理反馈
512841,开瑞汽车,开瑞K50,2015款 1.5L 手动 标准型,开瑞K50车身生锈多处漆面有脱落的现象,"H79,H81,",2020-08-23,处理反馈
512839,北京现代,菲斯塔,2019款 280TGDi 智速版 国VI,北京现代菲斯塔前杠掉漆希望给予处理	,"H81,H168,",2020-08-23,信息审核
512838,福田汽车,祥菱V,2018款 1.2L 半承载 3070轴距(厢车)4W12M1,福田祥菱V排气管冒白烟发动机机油增多,"A339,A191,A114,",2020-08-23,信息审核
512837,广汽丰田,凯美瑞,2018款 2.5G 自动 豪华版,广汽丰田凯美瑞发动机启停时存在异响	,"A9,",2020-08-23,信息审核
512833,东风本田,杰德,2016款 1.8L 自动 舒适精英版 5座,东风本田杰德仪表盘无法正常显示影响使用,"H202,",2020-08-23,处理反馈
512830,东风悦达起亚,K5凯酷,2016款 1.6T 自动 LUX,东风悦达起亚K5凯酷维修后发动机漏油熄火,"A12,A14,E62,",2020-08-23,处理反馈
512826,广汽本田,飞度,2014款 1.5L CVT SE时尚型,广汽本田飞度启动机故障导致无法启动,"A44,",2020-08-23,处理反馈
512824,奇瑞汽车,瑞虎7,2017款 1.5T 自动 豪华版 SPORT,奇瑞瑞虎7四个车门下方生锈车门异响,"H79,H72,",2020-08-23,处理反馈
512822,一汽-大众,探岳,2019款 330TSI 两驱 豪华型 国V,一汽大众探岳电瓶损坏导致发动机无法启动,"H146,",2020-08-23,用户评分
512821,上汽斯柯达,Yeti,2014款 1.8TSI DSG 野驱版,斯柯达Yeti中控台及车厢内隔音棉有异味,"H185,",2020-08-23,处理反馈
512820,东风标致,标致3008,2013款 1.6T 自动 THP罗兰·加洛斯版,东风标致3008空调压缩机无法启动空调不制冷,"H134,",2020-08-23,处理反馈
512819,上汽大众,途昂,2017款 380TSI 四驱 豪华版,上汽大众途昂进气格栅发白4S店不予更换,"H179,",2020-08-23,处理反馈
512816,广汽本田,飞度,2016款 1.5L LX 手动 舒适型,广汽本田飞度整车生锈严重存在质量问题,"H79,I292,",2020-08-23,处理反馈
512815,北汽昌河,昌河Q35,2018款 1.5L 手动 炫酷版,北汽昌河Q35密封胶融化导致门内饰板破损,"H48,M283,",2020-08-23,厂家受理
512814,上汽大众,途安,2016款 途安L 280TSI 自动 舒雅版,上汽大众途安车内异味影响身体健康,"H185,",2020-08-23,处理反馈
512810,猎豹汽车,猎豹CS9,2017款 1.5L 手动 风尚型,猎豹CS9方向机损坏无售后解决问题,"D265,",2020-08-23,信息审核
512805,长城汽车,哈弗F5,2019款 1.5T i型 国潮版  国VI,哈弗F5中控屏频繁死机重启无人解决,"H155,",2020-08-23,信息审核
512804,北京现代,名图,2014款 1.8L 自动 尊贵型,北京现代名图轮毂腐蚀灯眉断裂4S店不保修,"H243,H220,I297,",2020-08-23,处理反馈
512800,奇瑞汽车,瑞虎7,2018款 1.5T 手动 精英版 国V,奇瑞瑞虎7挂入倒挡后偶有无法摘挡现象,"C267,",2020-08-23,处理反馈
512798,奇瑞汽车,捷途X70,2020款 1.5T 手动 尊行版 6座,捷途X70变速箱换挡机构损坏无法换挡,"B77,",2020-08-23,用户评分
512796,广汽三菱,奕歌,2018款 1.5T CVT 两驱 无畏版,广汽三菱奕歌轮毂均出现不同程度的氧化,"H243,",2020-08-23,厂家受理
512792,北京现代,名图,2017款 1.8L 自动 尊贵型 DLX 国V,北京现代名图后视镜镜片高速抖动更换未解决,"H211,J298,",2020-08-23,处理反馈
512790,东风标致,标致408,2015款 1.2T 自动 豪华版,东风标致408燃油泵故障导致车辆抖动,"H78,",2020-08-23,处理反馈
512788,陕汽德龙,X3000,X3000,陕汽德龙X3000驾驶室支架螺丝有拆装痕迹,"M284,",2020-08-23,信息审核
512780,广汽乘用车,传祺GA3,2013款 1.6L 手动 精英版,广汽传祺GA3车身生锈发动机噪音大有异响,"A9,A38,B19,D59,H79,",2020-08-23,处理反馈
512779,一汽-大众,迈腾,2017款 330TSI DSG 领先型,一汽大众迈腾变速箱机电控制单元出现故障,"B96,B84,",2020-08-23,用户评分
512778,长安马自达,马自达3 昂克赛拉,2016款 1.5L 手动 豪华型 三厢,长安马自达昂克赛拉中控显示屏开裂,"H134,",2020-08-23,处理反馈
512777,华晨宝马,宝马X1,2013款 sDrive18i 2.0L 自动 运动设计套装,华晨宝马X1行驶过程中刹车紧急抱死,"E196,",2020-08-23,处理反馈
512776,江铃集团新能源,江铃E200L,2017款 E200P 标准版,江铃新能源E200L动力电池故障厂家无配件,"H343,N318,",2020-08-23,用户评分
512773,广汽丰田,凯美瑞,2010款 200G 2.0 自动 经典版,广汽丰田凯美瑞中控台出油反光开裂	,"H176,",2020-08-23,信息审核
512772,奇瑞汽车,艾瑞泽5,2016款 1.5L 手动 领潮版,奇瑞艾瑞泽5车门和后备箱处有生锈的现象,"H79,",2020-08-23,处理反馈
512771,北京现代,途胜,2018款 1.6T 双离合 两驱 15周年特别版,北京现代途胜空调面板按键有开裂的现象,"H101,",2020-08-23,信息审核
512770,东风标致,标致408,2014款 1.6T 自动 至尊版,东风标致408节温器故障导致发动机故障灯亮,"A34,A191,",2020-08-23,处理反馈
512769,长安汽车,长安CS55,2017款 1.5T 自动 炫色型,长安CS55优科豪马轮胎有起皮开裂的现象,"F186,",2020-08-23,厂家受理
512765,华晨宝马,宝马3系,2019款 320Li M运动套装,华晨宝马3系高速行驶中发动机噪音大,"A38,",2020-08-23,处理反馈
512764,一汽丰田,亚洲龙,2019款 2.5L Touring 尊贵版 国V,一汽丰田亚洲龙天窗底盘异响车门有漏风现象,"G56,H134,H89,H144,",2020-08-23,信息审核
512763,BEIJING汽车,BEIJING-X7,2020款 1.5TD DCT 致领版,BEIJING-X7车顶有补漆现象车身有色差,"H88,H201,M284,",2020-08-23,处理反馈
512755,东风标致,标致408,2015款 1.2T 自动 豪华版,东风标致408更换正时皮带后发动机烧机油,"A63,",2020-08-23,用户评分
512750,东风标致,标致408,2018款 350THP 自动 豪华版,东风标致408轮毂出现氧化的现象,"H243,",2020-08-23,处理反馈
512748,奇瑞汽车,艾瑞泽GX,2019款 冠军版 1.5L 手动 时尚型,奇瑞艾瑞泽GX刹车异响熄火后仪表盘闪烁,"E43,H202,",2020-08-23,信息审核
512746,东风日产,劲客,2019款 1.5L CVT 智联尊享版,东风日产劲客4S店销售库存车要求解决,"M283,",2020-08-23,处理反馈
512743,北京现代,领动,2016款 1.6L 自动 智炫·精英型,北京现代领动中控台鼓包4S店不予索赔,"H176,I297,",2020-08-23,处理反馈
512741,长安林肯,飞行家,2020款 3.0T V6 四驱 尊享版,长安林肯飞行家发动机怠速抖动 门锁内部断裂,"A24,H197,",2020-08-23,信息审核
512740,一汽丰田,RAV4荣放,2016款 2.0L CVT 两驱 风尚版 国V,一汽丰田RAV4荣放尾灯自然开裂质量差,"H220,",2020-08-23,信息审核
512738,一汽-大众,探岳,2019款 330TSI 两驱 豪华型Plus 国VI,一汽大众探岳大灯存在白雾及水汽影响安全,"H82,",2020-08-23,处理反馈
512736,一汽马自达,睿翼,2009款 2.5L 至尊版,一汽马自达睿翼仪表台及顶棚严重脱胶开裂,"H176,H168,",2020-08-23,信息审核
512734,广汽本田,冠道,2017款 370TURBO 自动 两驱 精英版,广汽本田冠道正常行驶中故障灯全亮,"H110,",2020-08-23,处理反馈
512733,福特（进口）,探险者（进口）,2016款 2.3T 精英版,进口福特探险者发动机缺缸 防冻液减少,"A24,A163,A191,",2020-08-23,厂家受理
512718,一汽大众,捷达VS7,2020款 1.4T 自动 进取型,捷达VS7倒车雷达蜂鸣器故障无配件维修,"H289,N318,",2020-08-23,信息审核
512711,广汽本田,飞度,2016款 1.5L LX CVT 舒适型,广汽本田飞度发动机电脑板损坏故障灯亮,"H104,",2020-08-23,处理反馈
512710,东风雪铁龙,雪铁龙C4L,2014款 1.8L 手动 智驱版 劲享型,东风雪铁龙C4L方向盘异响 一键启动失效,"D59,H119,",2020-08-23,用户评分
512707,长城汽车,哈弗H2,2017款 1.5T 手动 两驱舒适型 红标,哈弗H2方向盘异响 抖动转向机存在质量问题,"D59,D80,D265,",2020-08-23,厂家受理
512706,上汽大众,途观,2014款 1.8TSI 自动 两驱 30周年纪念版 5座,上汽大众途观变速箱换挡时顿挫前冲,"B19,",2020-08-23,处理反馈
512704,SWM斯威汽车,SWM斯威X7,2016款 1.5T 豪华型,SWM斯威X7 ABS故障 发动机漏油,"A12,B20,E74,",2020-08-23,信息审核
512703,一汽-大众奥迪,奥迪Q5L,2020款 40 TFSI 荣享进取型,一汽大众奥迪Q5L变速箱离合器故障,"C267,",2020-08-23,信息审核
512699,华晨宝马,宝马3系,2020款 325i M运动套装,华晨宝马3系发动机热管理模块损坏 漏冷却液,"A37,A191,",2020-08-22,处理反馈
512697,东风日产,天籁,2020款 2.0T XL Upper AD1 智享领航版,东风日产天籁安全系统失效和车顶棚异响,"H15,H170,",2020-08-22,处理反馈
512691,上汽大众,途观L,2018款 330TSI 自动 两驱 旗舰版,上汽大众途观L轮毂表面氧化 厂家拒绝更换,"H243,",2020-08-22,处理反馈
512690,广汽本田,飞度,2014款 1.5L 手动 LX舒适型,广汽本田飞度通电后发动机无法正常启动,"A44,",2020-08-22,处理反馈
512686,一汽-大众,高尔夫,2020款 280TSI DSG 舒适型,一汽大众高尔夫变速箱顿挫维修后未解决,"B33,B19,",2020-08-22,处理反馈
512683,上汽大众,途岳,2019款 330TSI 四驱 旗舰版 国VI,上汽大众途岳座椅支架螺丝生锈 变速箱异响,"B33,H79,",2020-08-22,处理反馈
512675,上汽大众,途昂,2020款 380TSI 四驱 豪华版 国VI,上汽大众途昂新车前减震处异响非常严重,"G52,",2020-08-22,处理反馈
512674,北京越野,北京BJ40,2018款 2.0T 手动 四驱 尊贵型 柴油,北京BJ40坡道起步时动力消失希望厂家处理,"A255,",2020-08-22,处理反馈
512658,一汽-大众,C-TREK蔚领,2017款 1.6L 自动 舒适型,一汽大众蔚领天窗严重漏水质量差,"H90,",2020-08-22,处理反馈
512657,华晨宝马,宝马3系,2014款 320i 自动 进取型,华晨宝马3系方向机故障方向盘无法转向,"D57,D265,",2020-08-22,处理反馈
512656,一汽-大众,速腾,2020款 280TSI DSG 舒适型 国VI,一汽大众速腾汽油泵故障导致发动机熄火,"H78,",2020-08-22,处理反馈
512648,奇瑞新能源,奇瑞eQ1,2019款 小蚂蚁 智享版 4座 30.6kWh,奇瑞eQ1购车配套的充电桩没有交付,"L313,",2020-08-22,信息审核
512645,华晨宝马,宝马X3,2020款 xDrive30i 领先型 M运动套装,华晨宝马X3前悬挂异响要求彻底解决故障,"G52,",2020-08-22,处理反馈
512642,一汽-大众,探岳,2020款 280TSI 两驱 豪华智联版,一汽大众探岳新车左侧前后车门大面积喷漆,"M284,",2020-08-22,处理反馈
512630,奇瑞汽车,瑞虎8,2020款 290TGDI 自动 豪华版,奇瑞瑞虎8固铂轮胎鼓包存在质量问题,"F39,",2020-08-22,处理反馈
512629,上汽大众,桑塔纳,2016款 1.4L 手动 风尚版 三厢,上汽大众桑塔纳车身多处生锈 半轴漏油,"G51,H79,H30,",2020-08-22,处理反馈
512628,众泰汽车,众泰T600 Coupe,2017款 1.5T 手动 尊享型,众泰T600 Coupe电子手刹及驻车故障灯亮,"E62,E159,",2020-08-22,信息审核
512627,BEIJING汽车,BEIJING-EU5,2018款 R550 智潮版,BEIJING-EU5充电时散热风扇噪音过大,"H15,",2020-08-22,处理反馈
512623,上汽大通,上汽大通MAXUS G10,2019款 1.9T 手动 精英版 柴油 PLUS 国V,上汽大通G10发动机无法提速 机油增多,"A339,A160,",2020-08-22,处理反馈
512622,吉利汽车,帝豪GS,2019款 1.4T 手动 雅,吉利帝豪GS发动机漏机油造成皮带损坏,"A12,A222,",2020-08-22,处理反馈
512620,一汽丰田,卡罗拉,2019款 1.2T S-CVT 运动版,一汽丰田卡罗拉后风挡玻璃破裂厂家不解决,"H113,I295,",2020-08-22,信息审核
512615,吉利汽车,博瑞,2015款 1.8T 旗舰型,吉利博瑞天窗遮阳帘卡住无法回收,"H192,",2020-08-22,处理反馈
512611,一汽丰田,卡罗拉,2017款 1.2T 手动 GL-i 改款,一汽丰田卡罗拉发动机真空管损坏,"A24,",2020-08-22,信息审核
512603,长城汽车,哈弗H2,2018款 1.5T 双离合 两驱 智尚型 创享版 蓝标,哈弗H2开启空调后方向盘和座椅抖动,"D80,H169,",2020-08-22,厂家受理
512592,众泰汽车,众泰T300,2017款 1.5T CVT 尊贵型,众泰T300发动机熄火挂挡后无法行驶,"A14,B334,",2020-08-22,信息审核
512591,一汽-大众,高尔夫,2018款 280TSI 自动 R-Line型,一汽大众高尔夫行驶过程中变速箱有异响,"B33,",2020-08-22,用户评分
512589,广汽本田,雅阁,2016款 2.0L CVT  舒适版,广汽本田雅阁行驶过程中B柱出现异响,"H15,",2020-08-22,处理反馈
512588,华晨宝马,宝马3系,2018款 320Li 时尚型,华晨宝马3系冷却系统故障维修未解决,"A191,",2020-08-22,处理反馈
512586,一汽-大众,高尔夫,2016款 1.4TSI 自动 R-Line,一汽大众高尔夫行驶过程中故障报警,"A34,B96,",2020-08-22,处理反馈
512583,北京现代,菲斯塔,2019款 280TGDi 智享版 国VI,北京现代菲斯塔后备箱漆面出现龟裂现象,"H81,",2020-08-22,处理反馈
512582,东风风行,风行T5L,2020款 改款 1.5T 自动 豪华型 7座,东风风行T5L正常行驶过程中天窗突然爆裂,"H113,",2020-08-22,处理反馈
512578,北京奔驰,奔驰GLA,2016款 200 时尚型,北京奔驰GLA轮速传感器故障导致故障灯亮,"E74,",2020-08-22,信息审核
512575,众泰汽车,众泰T700,2017款 1.8T 双离合 尊贵型,众泰T700后备箱电动液压杆损坏厂家无配件	,"H68,N318,",2020-08-22,信息审核
512572,海马汽车,海马爱尚EV,2018款 标准型,海马爱尚EV开车过程中突然动力电池断电,"H343,",2020-08-22,处理反馈
512570,北京现代,途胜,2015款 1.6T   双离合 两驱 智能型,北京现代途胜冷车起步时离合器有抖动现象,"C87,",2020-08-22,处理反馈
512567,北京现代,途胜,2015款 1.6T   双离合 两驱 智能型,北京现代途胜行驶过程中底盘有异响,"G56,",2020-08-22,处理反馈
512566,长安汽车,悦翔,2009款 1.5L 手动 舒适型,长安悦翔车身漆面大面积爆裂要求解决,"H81,",2020-08-22,厂家受理
512565,一汽大众,捷达VS7,2020款 1.4T 自动 悦享型,捷达VS7蓝牙有杂音 语音识别效果差,"H155,",2020-08-22,信息审核
512560,长城汽车,哈弗H2,2018款 1.5T 双离合 两驱 豪华型 蓝标,哈弗H2仪表盘大面积开裂希望尽快解决,"H168,H202,",2020-08-22,处理反馈
512558,东风日产,天籁,2019款 2.0L XL 舒适版,东风日产天籁提前还款时收取高额手续费,"H202,K307,",2020-08-22,用户评分
512556,奇瑞汽车,捷途X70,2018款 1.5T 手动 悦行版,捷途X70前后排座椅异响无法索赔,"H169,I297,",2020-08-22,处理反馈
512555,吉利汽车,帝豪GS,2020款 1.4T 手动 雅,吉利帝豪GS发动机故障灯亮维修未解决,"A34,",2020-08-22,处理反馈
512550,一汽-大众奥迪,奥迪A6L,2020款 40 TFSI 豪华动感型,一汽大众奥迪A6L不平路面行驶时底盘有异响,"G56,",2020-08-22,信息审核
512548,广汽本田,飞度,2014款 1.5L CVT LX舒适型,广汽本田飞度发动机启动困难要求处理,"A44,",2020-08-22,处理反馈
512540,一汽-大众,速腾,2018款 280TSI DSG熠动版,一汽大众速腾方向盘有掉色的现象,"H201,",2020-08-22,处理反馈
512538,一汽丰田,RAV4荣放,2016款 2.5L 自动 四驱 精英版,一汽丰田RAV4荣放左右两侧半轴防尘套漏油,"G161,",2020-08-22,信息审核
512537,上汽斯柯达,速派,2018款 TSI280 DSG 舒适版 国V,斯柯达速派发动机怠速运转时转速过低,"A35,",2020-08-22,处理反馈
512529,华晨宝马,宝马3系,2020款 改款 325Li M运动套装,华晨宝马3系热管理模块故障导致漏防冻液,"A34,A37,A191,",2020-08-22,处理反馈
512520,东风雪铁龙,C4世嘉,2016款 1.6THP 自动 旗舰型,东风雪铁龙C4世嘉方向盘间歇大4S店不保修,"D337,I297,",2020-08-22,处理反馈
512517,广汽乘用车,传祺GM6,2019款 270T 自动 尊享版（七座）国VI,广汽传祺GM6全款购车4S店一直未给合格证,"O353,",2020-08-22,处理反馈
512516,广汽乘用车,传祺GS5 Super,2015款 1.8T 自动 两驱 豪华导航版,广汽传祺GS5 Super挡杆锁止按钮损坏,"B184,",2020-08-22,处理反馈
512515,北汽新能源,LITE,2017款 引力版,北汽新能源LITE续航里程不足希望处理,"H344,",2020-08-22,用户评分
512514,上汽大众,桑塔纳,2015款 1.6L 自动 舒适型 浩纳,上汽大众桑塔纳刹车防抱死功能出现故障,"E74,",2020-08-22,处理反馈
512512,广汽本田,皓影,2020款 锐·混动 2.0L 两驱 锐·幻夜版,广汽本田皓影4S店承诺赠送原厂配件未兑现,"N319,",2020-08-22,处理反馈
512511,雷克萨斯,雷克萨斯GS,2016款 300h E-CVT 豪华版,雷克萨斯GS质保期内大灯开裂厂家不解决,"H220,",2020-08-22,厂家受理
512509,长安马自达,马自达CX-5,2019款 2.0L 自动 两驱 智享型 云控版 国VI,长安马自达CX-5右侧电动后视镜无法回位,"H211,",2020-08-22,处理反馈
512503,一汽-大众,速腾,2019款 200TSI DSG 舒适型 国VI,一汽大众速腾经销商拒绝按时交付车辆,"L311,",2020-08-22,用户评分
512502,奇瑞汽车,捷途X90,2019款 1.5T 自动 尊享型 6座 国V,奇瑞捷途X90钥匙手环损坏厂家不索赔,"H119,",2020-08-22,处理反馈
512501,东风雷诺,科雷缤,2019款 TCe270 自动 劲享型,东风雷诺科雷缤胎压报警 私自终止互联服务	,"H203,I294,L314,",2020-08-22,信息审核
512497,上汽大众,朗逸,2019款 1.5L 自动 风尚版 国VI,上汽大众朗逸新车跑偏四轮定位无效,"G117,",2020-08-22,处理反馈
512496,上汽大众,朗逸,2017款 1.6L 手动 舒适版,上汽大众朗逸车内一直有浓重的异味,"H185,",2020-08-22,处理反馈
512495,上汽大众,途观L,2017款 330TSI 两驱 旗舰版,上汽大众途观L天窗漏水4S店不予解决,"H90,",2020-08-22,处理反馈
512492,长安铃木,雨燕,2016款 1.5L 手动 时尚型 酷玩版,长安铃木雨燕4S店维修不到位服务态度差,"J303,",2020-08-22,用户评分
512489,奇瑞汽车,瑞虎5x,2017款 1.5T 自动 豪华型,奇瑞瑞虎5x驾驶位玻璃升降转向天窗异响,"D59,H72,H89,",2020-08-22,处理反馈
512487,众泰汽车,众泰Z560,2017款 1.5T 手动 豪华型,众泰Z560启动噪音大 排气管歧管损坏,"H31,",2020-08-22,信息审核
512485,一汽-大众,探岳,2019款 330TSI 两驱 豪华型 国V,一汽大众探岳大灯起雾要求更换车灯,"H82,",2020-08-22,处理反馈
512484,广汽本田,冠道,2017款 240TURBO CVT 两驱 豪华版,广汽本田冠道发动机故障灯亮消除故障灯未解决,"A34,A53,",2020-08-22,处理反馈
512483,一汽-大众,T-ROC探歌,2019款 230TSI DSG 两驱 进取型 国VI,一汽大众探歌大灯透镜有斑点和白雾,"H82,",2020-08-22,处理反馈
512473,一汽-大众奥迪,奥迪Q5L,2020款 45 TFSI 尊享时尚型,一汽大众奥迪Q5L打开点火开关影音系统异响,"H134,",2020-08-22,信息审核
512471,江淮汽车,江淮iEV6E,2017款 iEV6E,江淮iEV6E售后服务网点少导致维修成本高,"O326,",2020-08-22,处理反馈
512470,上汽大众,威然,2020款 380TSI 尊贵版,上汽大众威然发动机无法启动方向机锁死,"A44,D57,",2020-08-22,处理反馈
512460,东风本田,INSPIRE,2019款 260TURBO 精悦版 国V,东风本田INSPIRE低速状态加速时发动机异响,"A9,",2020-08-22,处理反馈
512459,SWM斯威汽车,SWM斯威X7,2016款 1.8L 豪华型,斯威X7远程控制系统缴费后无法使用,"H155,",2020-08-22,信息审核
512458,福特（进口）,Ranger,2018款 3.2T DCi Wildtrak,进口福特Ranger发动机水箱及风扇故障,"A34,A37,A191,",2020-08-22,厂家受理
512456,上汽集团,荣威550,2010款 1.8DVVT 手动 启悦版,上汽荣威550手刹柄断裂存在质量问题,"H168,",2020-08-22,处理反馈
512454,东风标致,标致3008,2013款 1.6T 自动 THP至尚版,东风标致3008行车电脑黑屏倒车影像无法使用,"H134,",2020-08-22,处理反馈
512453,东风标致,标致206,2007款 1.4L 手动 跃动版,东风标致206转向以及喇叭失灵希望厂家处理,"D57,H151,",2020-08-22,处理反馈
512452,长城汽车,WEY VV5,2020款 1.5T 两驱 智先锋,WEY VV5变速箱脱挡希望厂家处理问题,"B246,",2020-08-22,处理反馈
512439,上汽通用五菱,五菱宏光V,2019款 1.5L 基本型 封窗车 国VI LAR,上汽通用五菱宏光V变速箱无法挂挡,"B20,",2020-08-22,处理反馈
512436,一汽-大众奥迪,奥迪A6L,2019款 45 TFSI quattro 臻选动感型,一汽大众奥迪A6L底盘异响维修未解决问题,"G56,",2020-08-22,信息审核
512435,东风日产,劲客,2019款 1.5L CVT 智联豪华版,东风日产劲客气囊报警 传感器故障,"H103,",2020-08-22,信息审核
512430,东风标致,标致408,2018款 350THP 自动 豪华版,东风标致408行驶中发动机熄火存在安全隐患,"A14,",2020-08-22,信息审核
512425,一汽-大众,速腾,2019款 280TSI DSG 舒适型 国VI,一汽大众速腾离合器生锈希望厂家质保,"C65,H79,",2020-08-22,处理反馈
512424,江铃福特,全顺,2019款 2.0T 柴油 多功能商用车 短轴 中顶 6座 国VI,江铃福特全顺三元催化堵塞发动机漏机油,"A12,A191,",2020-08-22,厂家受理
512423,东风日产,天籁,2016款 2.0L XL 舒适版 改款,东风日产天籁发动机熄火后启动困难,"A44,",2020-08-22,处理反馈
512420,北京现代,领动,2016款 1.6L 自动 智炫·精英型,北京现代领动前挡风玻璃异响希望厂家处理,"B20,",2020-08-22,处理反馈
512416,一汽-大众,迈腾,2019款 280TSI DSG 舒适型 国VI,一汽大众迈腾发动机熄火存在质量问题,"A14,",2020-08-22,处理反馈
512408,奇瑞汽车,艾瑞泽GX,2018款 1.5T CVT 型色版 国V,奇瑞艾瑞泽GX发动机异响希望厂家处理,"A9,A255,",2020-08-22,处理反馈
512403,广汽菲克菲亚特,菲翔,2012款 1.4T 自动 畅享版,广汽菲亚特菲翔车内异味希望厂家处理,"H185,",2020-08-22,厂家受理
512400,东风本田,竞瑞,2017款 1.5L CVT 豪华版,东风本田竞瑞大灯起雾进水存在质量问题,"H88,",2020-08-22,处理反馈
512397,一汽-大众,高尔夫,2016款 1.6L  自动 舒适型,一汽大众高尔夫变速箱微动开关有故障,"B96,",2020-08-22,处理反馈
512396,东风雪铁龙,雪铁龙C4L,2013款 1.6THP 自动 劲智版,东风雪铁龙C4L发动机抖动 漏机油影响使用,"A12,A24,",2020-08-22,厂家受理
512391,东风日产,骐达TIIDA,2011款 1.6 CVT 舒适版 新骐达,东风日产骐达变速箱传感器故障希望厂家处理,"A34,B96,",2020-08-22,处理反馈
512390,北京奔驰,奔驰GLC,2019款 GLC 300 L 4MATIC 动感型 改款,北京奔驰GLC减震器断裂玻璃水渗漏,"H168,",2020-08-22,信息审核
512382,奇瑞汽车,艾瑞泽GX,2018款 1.5T CVT 型色版 国V,奇瑞艾瑞泽GX中控屏幕花屏希望厂家处理,"H134,",2020-08-22,处理反馈
512378,一汽-大众,速腾,2018款 280TSI 双离合 舒适型,一汽大众速腾发动机冷启动怠速不正常,"A35,H101,",2020-08-22,处理反馈
512372,上汽大众,朗逸,2017款 1.6L 自动 舒适版,上汽大众朗逸韩泰轮胎有裂纹存在质量问题,"F100,",2020-08-22,处理反馈
512371,长城汽车,哈弗H2,2016款 1.5T 自动 两驱豪华型,哈弗H2转向异响抖动希望厂家处理问题,"D59,D80,",2020-08-22,处理反馈
512369,吉利新能源,帝豪新能源,2017款 EV300 精英型 三厢,吉利帝豪新能源充电机无法充电希望厂家处理,"H340,",2020-08-22,处理反馈
512368,猎豹汽车,猎豹CS9,2018款 1.5T CVT 劲朗型,猎豹CS9刹车管爆裂底盘生锈 车身异响,"H79,H168,H15,",2020-08-22,信息审核
512367,长安汽车,长安CS55,2017款 1.5T 手动 炫色型,长安CS55怠速抖动希望厂家更换发动机,"A24,",2020-08-22,厂家受理
512360,吉利汽车,帝豪GL,2017款 1.3T 自动 尊贵型,吉利帝豪GL经销商维修后漆面生锈有色差,"I295,J300,",2020-08-22,处理反馈
512359,奇瑞汽车,艾瑞泽5,2016款 1.5L CVT 领潮版,奇瑞艾瑞泽5左后门生锈存在质量问题,"H79,",2020-08-22,处理反馈
512353,奇瑞汽车,瑞虎3,2016款 1.6L 手动 智尚版,奇瑞瑞虎3车门腐蚀生锈发电机皮带断裂,"A222,H79,H81,H168,H64,",2020-08-22,处理反馈
512339,众泰汽车,大迈X7,2017款 1.8T 手动 豪华型,众泰大迈X7底盘和车身有大面积生锈现象	,"H79,",2020-08-22,厂家受理
512338,长城汽车,哈弗H6 Coupe,2018款 1.5T 自动 两驱 超豪型 红标,哈弗H6 Coupe前挡玻璃出现水纹状裂痕,"H113,",2020-08-22,用户评分
512329,东风日产,劲客,2020款 1.5L XE 手动 酷动版,东风日产劲客变速箱顿挫异响希望厂家处理,"B33,B19,",2020-08-22,用户评分
512327,上汽大众,途观L新能源,2019款 430PHEV 混动豪华版,上汽大众途观L新能源转向失灵天窗漏水,"D57,H90,",2020-08-22,处理反馈
512322,广汽丰田,凯美瑞,2019款 改款 2.5G 豪华版,广汽丰田凯美瑞玻璃开裂售后不予质保,"H113,",2020-08-21,信息审核
512318,一汽-大众奥迪,奥迪Q3,2018款 30 TFSI 风尚型典藏版,一汽大众奥迪Q3天窗漏水导致车内积水,"H90,",2020-08-21,信息审核
512316,凯翼汽车,凯翼C3R,2015款 1.5L AMT 金钻版,凯翼C3R变速箱频繁跳挡要求免费维修,"B27,",2020-08-21,处理反馈
512315,一汽-大众,宝来,2016款 1.6L 手动 舒适型,一汽大众宝来车窗亮条氧化生锈希望厂家处理,"H79,",2020-08-21,处理反馈
512313,北京现代,领动,2019款 1.5L CVT 智炫·精英型,北京现代领动漆面有色差希望厂家处理,"H201,",2020-08-21,处理反馈
512311,华晨中华,中华H3,2017款 1.5L 手动 豪华型,华晨中华H3汽油泵故障厂家不予质保,"H78,",2020-08-21,信息审核
512310,一汽-大众,高尔夫,2016款 230TSI 自动 舒适型,一汽大众高尔夫机油压力调节阀渗油,"A12,N318,",2020-08-21,处理反馈
512309,众泰汽车,众泰E200,2018款 飞鱼座,众泰E200无法提供售后服务欺骗消费者,"L314,O326,",2020-08-21,信息审核
512304,广汽本田,缤智,2019款 220 TURBO CVT 精英版 国V,广汽本田缤智行驶过程中熄火启动困难,"A14,A44,",2020-08-21,用户评分
512300,一汽-大众,探岳,2019款 330TSI 两驱 豪华型 国Ⅵ,一汽大众探岳大灯有阴影希望厂家处理问题,"H82,",2020-08-21,处理反馈
512295,一汽-大众奥迪,奥迪A4L,2020款 40 TFSI 时尚动感型,一汽大众奥迪A4L后窗玻璃无缘无故爆裂,"H113,",2020-08-21,信息审核
512293,猎豹汽车,猎豹CS9,2017款 1.5L 手动 风尚型,猎豹CS9中控显示屏无法开机导致无法使用,"H134,",2020-08-21,信息审核
512288,东风日产,逍客,2016款 2.0L CVT 精英版,东风日产逍客变速箱打滑希望厂家质保,"B96,B84,",2020-08-21,处理反馈
512286,北京现代,领动插电混动,2019款 1.6L PHX 乐行版,北京现代领动插电混动电瓶亏电存在质量问题,"H146,",2020-08-21,处理反馈
512284,一汽奔腾,奔腾X40,2017款 1.6L 自动 尊享型,一汽奔腾X40发动机抖动希望厂家处理,"A24,",2020-08-21,处理反馈
512282,北京奔驰,奔驰GLA,2018款 220 4MATIC 运动型,北京奔驰GLA传感器损坏导致车辆失控,"H234,",2020-08-21,信息审核
512278,长安凯程,长安神骐F30,2018款 1.5L 精英版 短轴 DAM15L,长安神骐F30行驶中跑偏晃动影响行车安全,"G117,",2020-08-21,信息审核
512273,上汽大众,凌渡,2019款 280TSI DSG 舒适版 国V,上汽大众凌渡踩刹车异响希望厂家处理问题,"E43,",2020-08-21,处理反馈
512271,上汽大众,凌渡,2019款 280TSI DSG 舒适版 国VI,上汽大众凌渡前挡风玻璃开裂存在质量问题,"H113,",2020-08-21,处理反馈
512264,一汽-大众,T-ROC探歌,2019款 280TSI DSG 两驱 舒适型 国VI,一汽大众探歌两侧尾灯内部出现许多裂纹,"H220,",2020-08-21,处理反馈
512263,北京现代,菲斯塔,2019款 280TGDi 智速版 国VI,北京现代菲斯塔天窗异响希望厂家处理,"H89,",2020-08-21,用户评分
512261,奇瑞汽车,瑞虎7,2020款 1.5T CVT 精英型,奇瑞瑞虎7空挡抖动售后未解决问题,"B95,",2020-08-21,处理反馈
512251,一汽-大众,迈腾,2011款 1.8TSI DSG 豪华型,一汽大众迈腾变速箱跳挡希望厂家质保,"B27,",2020-08-21,处理反馈
512250,一汽-大众,速腾,2014款 1.4TSI 自动 豪华型,一汽大众速腾油箱盖打不开希望厂家处理,"H50,",2020-08-21,处理反馈
512249,宇通,C535小顶房车,宇通c535小顶无拓房车,宇通C535小顶房车电机烧毁希望厂家处理,"H40,H73,",2020-08-21,信息审核
512248,一汽-大众,宝来,2019款 宝来·传奇 1.5L 自动 领先型 国VI,一汽大众宝来刹车真空泵异响希望厂家处理,"E43,",2020-08-21,处理反馈
512242,上汽大众,途昂,2017款 380TSI 四驱 豪华版,上汽大众途昂发动机漏防冻液希望厂家处理,"A37,",2020-08-21,处理反馈
512235,一汽丰田,RAV4荣放,2016款 2.0L CVT 两驱 风尚版 国V,一汽丰田RAV4荣放空调压缩机出现损坏,"H101,",2020-08-21,信息审核
512234,福田汽车,欧曼,2008款 BJ4181SLFJA-6 牵引,福田欧曼车架断裂希望厂厂家处理问题,"H168,",2020-08-21,信息审核
512233,华晨宝马,宝马3系,2020款 改款 325Li M运动套装,华晨宝马3系置换补贴未兑现希望厂家处理,"L313,",2020-08-21,处理反馈
512230,上汽大众,朗逸,2019款 280TSI DSG 豪华版 国VI,上汽大众朗逸变速箱异响顿挫 失去动力,"B33,B19,B334,",2020-08-21,处理反馈
512226,上汽大众,途安,2018款 途安L 280TSI DSG 舒适版 7座 国V,上汽大众途安变速箱挡把总成故障,"B184,",2020-08-21,处理反馈
512225,上汽大众,途观L,2017款 330TSI 两驱 豪华版,上汽大众途观L机电单元故障希望处理,"B115,",2020-08-21,处理反馈
512222,一汽-大众,迈腾,2017款 330TSI DSG 豪华型,一汽大众迈腾仪表提示变速箱处于紧急模式,"B96,B84,",2020-08-21,处理反馈
512220,一汽-大众奥迪,奥迪A3,2020款 Limousine 35 TFSI 进取型 国VI,一汽大众奥迪A3变速箱异响抖动希望厂家处理,"B33,B95,",2020-08-21,信息审核
512217,东风标致,标致408,2015款 1.2T 自动 豪华版,东风标致408发动机烧机油 固特异轮胎开裂,"A63,F100,",2020-08-21,厂家受理
512209,一汽-大众,T-ROC探歌,2020款 280TSI DSG 两驱 舒适型,一汽大众探歌大灯有印记希望厂家处理,"H82,",2020-08-21,处理反馈
512202,一汽-大众奥迪,奥迪Q3,2019款 35 TFSI 时尚致雅型,一汽大众奥迪Q3刹车异响希望厂家处理问题,"E43,",2020-08-21,信息审核
512200,奇瑞汽车,捷途X90,2019款 1.5T 手动 智享型 5座 国V,捷途X90漆面多处开裂希望厂家处理问题,"H81,",2020-08-21,处理反馈
512199,上汽大众,朗逸,2014款 1.4TSI DSG蓝驱技术版,上汽大众朗逸变速箱抖动无法行驶,"B95,B69,",2020-08-21,处理反馈
512198,上汽大众,朗逸,2013款 1.6L  自动 风尚版,上汽大众朗逸车内异味希望厂家处理问题,"H185,",2020-08-21,处理反馈
512194,上汽大众,途观L,2018款 330TSI 自动 两驱 舒适版,上汽大众途观L发动机异响厂家一直未解决,"A9,",2020-08-21,处理反馈
512193,广汽本田,飞度,2016款 1.5L LX CVT 舒适型,广汽本田飞度发动机异响希望厂家处理问题,"A9,",2020-08-21,处理反馈
512189,一汽-大众,T-ROC探歌,2018款 280TSI DSG 两驱 舒适型 国VI,一汽大众探歌左前转向灯与后尾灯进水,"H88,",2020-08-21,处理反馈
512185,中国重汽,豪沃,轻型仓栅式货车,中国重汽豪沃轮毂螺丝脱落造成车轮变形,"G200,G132,I295,",2020-08-21,信息审核
512178,北京现代,途胜,2015款 1.6T   双离合 两驱 智能型,北京现代途胜发动机抖动 故障灯亮,"A24,A34,",2020-08-21,处理反馈
512174,华晨中华,中华V7,2018款 280T DCT 豪华型 5座,中华V7发动机有漏油的现象要求处理	,"A12,",2020-08-21,信息审核
512172,长城汽车,欧拉黑猫,2019款 灵趣版 310km,欧拉黑猫车联网服务无法使用厂家不解决,"H155,I295,",2020-08-21,用户评分
512170,一汽丰田,皇冠,2015款 2.0T  精英版,一汽丰田皇冠车辆后挡风玻璃自爆,"H113,",2020-08-21,信息审核
512168,众泰汽车,云100,2014款 云100 舒适型,众泰云100动力电池故障无配件4S店不处理,"H343,H344,I295,I294,N318,",2020-08-21,信息审核
512164,奇瑞汽车,艾瑞泽7,2016款 1.6L CVT 致享版,奇瑞艾瑞泽7变速箱抖动希望厂家质保,"B95,",2020-08-21,处理反馈
512159,东风日产,骐达TIIDA,2021款 1.6L CVT 智行版,东风日产骐达电瓶故障导致亏电希望处理,"H146,",2020-08-21,用户评分
512158,观致汽车,观致3,2016款 1.6L 自动 致悦型 三厢,观致3空调调节故障 变速箱异响,"B33,H101,",2020-08-21,信息审核
512155,广汽本田,雅阁,2016款 2.0L CVT  舒适版,广汽本田雅阁安全带异响 扶手箱异响,"H164,H118,",2020-08-21,处理反馈
512154,华晨中华,中华V7,2019款 运动款 280T 自动 豪华型,华晨中华V7空调压缩机损坏厂家不提供配件,"H101,I282,",2020-08-21,信息审核
512150,华晨宝马,宝马3系,2020款 325Li M运动套装,华晨宝马3系发动机漏防冻液希望厂家处理,"A37,",2020-08-21,用户评分
512143,Jeep（进口）,指南者（进口）,2014款 2.4L 自动 四驱 舒适版 改款,进口Jeep指南者车内异味希望尽快处理,"H185,",2020-08-21,厂家受理
512142,一汽-大众奥迪,奥迪Q5,2015款 40 TFSI 舒适型 5座,一汽大众奥迪Q5维修技术差 使用故障件,"J303,N316,",2020-08-21,信息审核
512141,道奇（进口）,酷威,2013款 2.4L 两驱尊尚版,道奇酷威倒车影像失灵希望尽快处理,"H134,",2020-08-21,信息审核
512139,上汽大众,途观L,2018款 380TSI 自动 四驱 旗舰版,上汽大众途观L自适应巡航控制系统经常故障,"H253,",2020-08-21,处理反馈
512137,广汽本田,冠道,2017款 240TURBO CVT 两驱 精英版,广汽本田冠道发动机报警 喷油嘴故障,"A53,",2020-08-21,处理反馈
512134,吉利汽车,远景X3,2020款 1.5L CVT 尊贵型,吉利远景X3交订金后未依照合同提供车,"L312,L311,",2020-08-21,处理反馈
512133,长城汽车,哈弗H2,2016款 1.5T 手动 两驱精英型,哈弗H2方向机异响卡顿希望厂家处理问题,"D59,D123,",2020-08-21,处理反馈
512129,一汽-大众,探岳,2019款 330TSI 两驱 豪华型Plus 国VI,一汽大众探岳大灯透镜发白 灯光照度减弱,"H82,",2020-08-21,处理反馈
512128,一汽丰田,RAV4荣放,2016款 2.0L CVT 两驱 风尚版 国V,一汽丰田RAV4荣放电瓶亏电 电路漏电,"H146,H110,",2020-08-21,信息审核
512117,长城汽车,哈弗H2,2018款 1.5T 双离合 两驱 豪华型 红标,哈弗H2经销商更换车门与原厂配件不符,"N317,N319,",2020-08-21,处理反馈
512114,北京奔驰,奔驰GLB,2020款 改款 GLB 200 动感型,北京奔驰GLB发动机漏油存在质量问题,"A12,",2020-08-21,信息审核
512113,奔驰（进口）,奔驰C级（进口）,2018款 200 轿跑车,进口奔驰C级方向盘异响主驾座椅皮革破损,"D59,H157,I297,",2020-08-21,信息审核
512106,沃尔沃（进口）,沃尔沃XC60（进口）,2014款 2.0T DCT T5 智雅版,进口沃尔沃XC60发动机故障灯亮4S店不解决,"A34,I295,",2020-08-21,信息审核
512104,上汽集团,荣威550,2010款 1.8 自动 世博风尚版,上汽荣威550手刹手柄塑料件开裂脱落,"H168,",2020-08-21,处理反馈
512102,开瑞汽车,开瑞K60EV,2018款 豪华版,开瑞K60EV刹车偏软4S店不予解决,"E269,I295,",2020-08-21,处理反馈
512101,一汽-大众,速腾,2020款 280TSI DSG 豪华型 国VI,一汽大众速腾组合仪表故障厂家无配件供应,"H202,N318,",2020-08-21,用户评分
512095,东风日产,逍客,2019款 2.0L CVT 豪华版,东风日产逍客行驶中刹车失灵造成事故,"A9,A35,E29,H170,",2020-08-21,处理反馈
512092,一汽丰田,卡罗拉,2017款 1.2T S-CVT GL 改款,一汽丰田卡罗拉变速箱异响希望给予处理,"B33,I295,",2020-08-21,信息审核
512087,上汽集团,荣威RX8,2018款 30T 两驱 智联网 旗舰版 7座,上汽荣威RX8刹车漏油电动尾门无自动功能,"E99,H68,I297,",2020-08-21,处理反馈
512085,东风标致,标致308,2014款 乐享版 经典 1.6L 手动 优尚型,东风标致308油表不准要求厂家给予解决,"H344,",2020-08-21,用户评分
512078,东风雪铁龙,C4世嘉,2016款 1.6L 手动 舒适型,东风雪铁龙C4世嘉方向盘间歇大4S店不保修,"D337,I297,",2020-08-21,用户评分
512053,上汽斯柯达,明锐,2019款 TSI230 DSG 智行豪华版 国VI,斯柯达明锐变速箱挂挡异响严重厂家不解决,"B33,I295,",2020-08-21,处理反馈
512045,汉腾汽车,汉腾X7,2018款 X7S 1.5T 手动 尊享型,汉腾X7经销商置换补贴承诺一直未兑现,"L313,",2020-08-21,厂家受理
512043,一汽-大众,宝来,2019款 1.5L 自动 时尚型,一汽大众宝来起步或加速时发动机爆震,"A9,A18,J298,",2020-08-21,处理反馈
512041,东风日产,骐达TIIDA,2019款 1.6L CVT 智尊版 国Ⅵ,东风日产骐达悬架生锈腐蚀厂家不处理,"G180,",2020-08-21,处理反馈
512039,广汽乘用车,传祺GA6,2016款 235T DCT 精英版,广汽传祺GA6玻璃生产日期与车身日期不一致,"M284,",2020-08-21,处理反馈
512038,一汽-大众,宝来,2019款 280TSI DSG 精英型,一汽大众宝来变速箱异响希望厂家处理问题,"B19,",2020-08-21,处理反馈
512035,一汽-大众,探岳,2019款 330TSI 两驱 豪华型Plus 国VI,一汽大众探岳发动机启停系统有时失效,"H263,",2020-08-21,处理反馈
512032,东风日产,骐达TIIDA,2021款 1.6L CVT 智行版,东风日产骐达新车电瓶亏电希望处理,"H146,",2020-08-21,处理反馈
512029,吉利汽车,帝豪GS,2018款 1.8L 自动 优雅版 领尚型,吉利帝豪GS起步动力消失 变速箱换挡异响,"A255,B33,",2020-08-21,用户评分
512020,一汽奔腾,奔腾X40,2019款 1.6L 手动 豪华型 国VI,一汽奔腾X40发动机故障灯亮希望处理,"A34,",2020-08-21,处理反馈
512018,上汽通用五菱,五菱荣光新卡,2019款 1.5L 双排 L3C,五菱荣光新卡车身生锈漆面鼓包要求解决,"H79,H81,",2020-08-21,用户评分
512016,东风日产,逍客,2016款 2.0L CVT 精英版,东风日产逍客变速箱抖动故障灯常亮,"B95,B96,",2020-08-21,处理反馈
512012,北京现代,现代ix35,2013款 2.0L 自动 四驱 智能型GLS 国IV,北京现代ix35左半轴漏油希望厂家处理,"G51,",2020-08-21,用户评分
512009,众泰汽车,众泰T700,2017款 1.8T 手动 尊享型,众泰T700火花塞断裂导致发动机拉缸,"A329,A336,",2020-08-21,厂家受理
512006,上汽大众,途观,2012款 2.0TSI 自动 四驱 菁英版,上汽大众途观天窗漏水严重希望处理,"H90,",2020-08-21,处理反馈
512004,奇瑞汽车,艾瑞泽GX,2019款 1.5T 自动 新型色版 国V,奇瑞艾瑞泽GX发动机抖动希望处理,"A24,",2020-08-21,处理反馈
512001,东风雪铁龙,世嘉,2012款 2.0 手动 品悦型 三厢,东风雪铁龙世嘉车内异味严重希望厂家处理,"H185,",2020-08-21,用户评分
512000,一汽-大众奥迪,奥迪A4L,2016款 2.0T 自动 运动型,一汽大众奥迪A4L发动机故障灯亮防冻液泄露,"A34,A37,",2020-08-21,信息审核
511996,广汽本田,雅阁,2018款 260TURBO 精英版 国VI,广汽本田雅阁经销商收回机动车登记证,"O353,",2020-08-21,处理反馈
511994,吉利汽车,缤瑞,2018款 14T CVT 缤致版,吉利缤瑞油底壳密封处渗油希望厂家处理,"A12,",2020-08-21,处理反馈
511993,威马汽车,威马EX5,2018款 EX5 400 Lite探索版,威马EX5不平路面刹车失灵4S店无法解决,"E29,H170,H340,",2020-08-21,处理反馈
511991,上汽大众,途观L,2018款 330TSI 自动 两驱 舒适版,上汽大众途观L行驶中后轮吃胎偏磨,"G245,I295,",2020-08-21,处理反馈
511990,一汽丰田,RAV4荣放,2020款 2.5L CVT 四驱 旗舰版 双擎,一汽丰田RAV4荣放新车发动机舱遗漏工具,"I295,J304,",2020-08-21,信息审核
511985,北京现代,瑞纳,2020款 1.4L 手动 焕新版,北京现代瑞纳半轴及稳定杆生锈严重,"H79,",2020-08-21,处理反馈
511983,福田汽车,祥菱M,2018款 1.5L M2非承载 双排 后双胎(载货)DAM15L,福田祥菱M排气管堵塞 动力不足 水温高,"A163,H54,",2020-08-21,信息审核
511976,一汽丰田,RAV4荣放,2015款 2.0L CVT 两驱都市版,一汽丰田RAV4荣放右前侧半轴防尘套漏油,"G51,",2020-08-21,信息审核
511971,上汽通用五菱,宝骏360,2019款 1.5L 自动 豪华型 国VI,宝骏360发动机故障灯报警4S店无法解决,"A34,J298,N320,",2020-08-21,处理反馈
511968,东风启辰,启辰D50,2012款 1.6 手动 尊贵版,启辰D50 4S店保养后动力减弱油耗升高	,"J300,",2020-08-21,信息审核
511964,一汽-大众,速腾,2019款 280TSI DSG 舒适型 国VI,一汽大众速腾变速箱异响跳挡希望厂家解决,"B33,B27,",2020-08-21,处理反馈
511962,广汽丰田,凯美瑞,2008款 240G 2.4 自动 豪华版,广汽丰田凯美瑞仪表台反光希望厂家解决,"H176,",2020-08-21,信息审核
511957,上汽斯柯达,明锐,2019款 1.5L 自动 智行舒适版 国VI,斯柯达明锐发动机故障灯亮希望厂家处理,"A34,",2020-08-21,处理反馈
511955,一汽丰田,RAV4荣放,2020款 2.0L CVT 两驱 风尚PLUS版,一汽丰田RAV4荣放发动机异响故障灯常亮,"A9,A34,",2020-08-21,信息审核
511953,猎豹汽车,猎豹CS10,2017款 1.5T CVT 尊贵型,猎豹CS10变速箱传感器故障导致无法行驶,"B334,",2020-08-21,信息审核
511948,奇瑞新能源,奇瑞eQ1,2019款 小蚂蚁 智享版 4座 30.6kWh,奇瑞eQ1车辆行驶中动力消失要求厂家解决,"G117,H343,",2020-08-21,厂家受理
511941,东南汽车,东南DX3,2016款 1.5L 手动 旗舰型,东南DX3转向异响希望尽快解决问题,"C65,D59,",2020-08-21,处理反馈
